team_name,date,address_id,team_score,opponent_score,number_of_ends,ends_won
Calgary Bruins,2020-01-07,81,8.0,3.0,10.0,6.0
Calgary Bruins,2020-01-17,9,8.0,4.0,10.0,4.0
Calgary Fleur-de-Lys,2020-01-30,58,8.0,7.0,11.0,6.0
Cold Colts,2020-02-01,58,7.0,0.0,5.0,3.0
Calgary Bruins,2020-02-10,9,7.0,0.0,5.0,4.0
Calgary Bruins,2020-02-17,39,5.0,6.0,10.0,4.0
Toronto Penguins,2020-07-02,2,12.0,3.0,9.0,7.0
Vancouver Islanders,2020-07-02,2,3.0,12.0,9.0,2.0
Super Salsa,2020-07-08,44,9.0,2.0,7.0,5.0
Calgary Bruins,2020-07-08,93,8.0,6.0,10.0,5.0
Vancouver Fury,2020-07-12,102,9.0,0.0,8.0,6.0
Cold Colts,2020-07-14,4,4.0,8.0,10.0,3.0
Super Lords,2020-07-14,5,6.0,8.0,11.0,4.0
Montreal Bruins,2020-07-14,4,8.0,4.0,10.0,7.0
Stone Mariners,2020-07-14,77,4.0,8.0,10.0,3.0
Montreal Lasers,2020-07-15,87,15.0,2.0,10.0,6.0
Calgary Cougars,2020-07-18,10,7.0,4.0,10.0,5.0
Calgary Cougars,2020-07-22,69,7.0,6.0,10.0,3.0
Ottawa Greys,2020-07-22,1,10.0,0.0,5.0,5.0
Broom Mets,2020-07-22,1,0.0,10.0,5.0,0.0
Game of Stones,2020-07-25,47,3.0,8.0,10.0,2.0
Calgary Cougars,2020-07-25,102,4.0,5.0,10.0,3.0
Super Salsa,2020-07-27,32,2.0,11.0,9.0,2.0
Broom Mets,2020-07-28,14,1.0,8.0,7.0,1.0
Stone Timberwolves,2020-07-28,90,8.0,0.0,5.0,4.0
Calgary Bruins,2020-07-29,100,8.0,6.0,10.0,6.0
Game of Stones,2020-07-31,61,5.0,8.0,10.0,3.0
Cold Colts,2020-07-31,3,5.0,4.0,10.0,4.0
Calgary Fleur-de-Lys,2020-07-31,3,4.0,5.0,10.0,6.0
Montreal Bruins,2020-08-01,58,8.0,0.0,5.0,4.0
Calgary Fleur-de-Lys,2020-08-01,25,4.0,10.0,6.0,1.0
Montreal Bruins,2020-08-06,69,9.0,0.0,5.0,4.0
Stone Mariners,2020-08-07,6,3.0,11.0,8.0,2.0
Broom Mets,2020-08-07,89,0.0,6.0,6.0,0.0
Cold Colts,2020-08-07,4,6.0,0.0,8.0,8.0
Cold Islanders,2020-08-07,86,6.0,1.0,10.0,5.0
Montreal Raiders,2020-08-07,4,0.0,6.0,8.0,0.0
Stone Mariners,2020-08-08,49,0.0,9.0,7.0,0.0
Vancouver Islanders,2020-08-09,48,1.0,8.0,7.0,1.0
Ottawa Victorias,2020-08-15,69,5.0,4.0,10.0,5.0
Ottawa Greys,2020-08-15,57,7.0,0.0,5.0,5.0
Montreal Bruins,2020-08-16,72,6.0,3.0,10.0,4.0
Cold Travelways,2020-08-18,1,0.0,7.0,6.0,0.0
Vancouver Fury,2020-08-18,1,7.0,0.0,6.0,6.0
Calgary Fleur-de-Lys,2020-08-18,76,6.0,8.0,13.0,4.0
Vancouver Islanders,2020-08-20,40,0.0,7.0,5.0,0.0
Montreal Raiders,2020-08-23,3,8.0,6.0,10.0,3.0
Calgary Fleur-de-Lys,2020-08-23,3,6.0,8.0,10.0,7.0
Ottawa Victorias,2020-08-24,35,2.0,8.0,9.0,1.0
Calgary Bruins,2020-08-25,9,8.0,3.0,10.0,5.0
Vancouver Islanders,2020-08-27,92,3.0,4.0,10.0,2.0
Ottawa Greys,2020-08-27,6,6.0,10.0,10.0,4.0
Stone Mariners,2020-08-29,3,1.0,8.0,8.0,3.0
Broom Mets,2020-08-29,3,8.0,1.0,8.0,5.0
Stone Mariners,2020-08-30,49,2.0,7.0,10.0,2.0
Super Salsa,2020-09-03,50,6.0,5.0,11.0,5.0
Toronto Penguins,2020-09-04,20,7.0,1.0,6.0,5.0
Cold Travelways,2020-09-05,10,6.0,8.0,10.0,5.0
Stone Mariners,2020-09-05,8,0.0,7.0,5.0,0.0
Game of Stones,2020-09-08,97,8.0,9.0,10.0,4.0
Super Salsa,2020-09-09,26,4.0,8.0,10.0,3.0
Ice Sabres,2020-09-09,93,6.0,7.0,10.0,5.0
Montreal Lasers,2020-09-09,52,8.0,0.0,5.0,5.0
Calgary Bruins,2020-09-11,29,8.0,3.0,10.0,3.0
Cold Travelways,2020-09-12,72,8.0,4.0,10.0,4.0
Ice Sabres,2020-09-18,81,5.0,6.0,12.0,3.0
Toronto Penguins,2020-09-19,28,6.0,7.0,10.0,4.0
Super Salsa,2020-09-21,8,6.0,7.0,10.0,4.0
Calgary Fleur-de-Lys,2020-09-23,58,7.0,1.0,6.0,4.0
Montreal Bruins,2020-09-25,84,5.0,7.0,10.0,4.0
Toronto Penguins,2020-09-25,12,7.0,0.0,6.0,6.0
Vancouver Fury,2020-09-28,3,9.0,0.0,6.0,6.0
Calgary Cougars,2020-09-28,3,0.0,9.0,6.0,0.0
Cold Islanders,2020-09-29,1,6.0,0.0,5.0,5.0
Cold Chinooks,2020-09-29,1,0.0,6.0,5.0,0.0
Ottawa Victorias,2020-10-01,21,5.0,6.0,10.0,3.0
Game of Stones,2020-10-03,30,7.0,2.0,10.0,7.0
Game of Stones,2020-10-04,2,8.0,0.0,9.0,7.0
Calgary Bruins,2020-10-04,0,7.0,0.0,6.0,6.0
Vancouver Islanders,2020-10-04,2,0.0,8.0,9.0,2.0
Ice Sabres,2020-10-04,0,0.0,7.0,6.0,0.0
Toronto Penguins,2020-10-10,20,8.0,1.0,5.0,4.0
Montreal Bruins,2020-10-10,102,8.0,2.0,8.0,5.0
Cold Chinooks,2020-10-12,18,5.0,7.0,10.0,3.0
Toronto Penguins,2020-10-13,61,2.0,7.0,10.0,2.0
Vancouver Islanders,2020-10-13,28,1.0,9.0,10.0,1.0
Calgary Cougars,2020-10-13,10,6.0,5.0,10.0,3.0
Cold Travelways,2020-10-13,102,3.0,10.0,9.0,2.0
Cold Chinooks,2020-10-14,53,5.0,9.0,10.0,4.0
Ice Sabres,2020-10-14,9,2.0,7.0,10.0,2.0
Montreal Bruins,2020-10-14,31,6.0,5.0,10.0,4.0
Ottawa Greys,2020-10-19,7,5.0,7.0,10.0,4.0
Game of Stones,2020-10-20,12,8.0,0.0,7.0,4.0
Toronto Penguins,2020-10-21,97,5.0,12.0,8.0,3.0
Calgary Cougars,2020-10-23,10,8.0,9.0,10.0,4.0
Ice Sabres,2020-10-24,95,2.0,8.0,10.0,2.0
Game of Stones,2020-10-27,40,7.0,3.0,10.0,6.0
Stone Mariners,2020-10-27,50,1.0,7.0,8.0,1.0
Stone Timberwolves,2020-10-28,26,7.0,2.0,10.0,5.0
Toronto Eagles,2020-10-28,2,2.0,9.0,8.0,1.0
Vancouver Fury,2020-10-28,2,9.0,2.0,8.0,7.0
Montreal Lasers,2020-10-28,83,6.0,2.0,10.0,4.0
Ice Cougars,2020-10-29,92,9.0,3.0,8.0,5.0
Montreal Raiders,2020-10-30,2,0.0,8.0,7.0,0.0
Vancouver Fury,2020-10-30,2,8.0,0.0,7.0,7.0
Stone Mariners,2020-11-02,3,6.0,4.0,10.0,7.0
Ice Dodgers,2020-11-02,3,4.0,6.0,10.0,3.0
Montreal Bruins,2020-11-03,35,1.0,9.0,5.0,1.0
Broom Mets,2020-11-06,24,9.0,7.0,10.0,4.0
Vancouver Islanders,2020-11-09,1,0.0,8.0,9.0,0.0
Game of Stones,2020-11-09,1,8.0,0.0,9.0,9.0
Ice Sabres,2020-11-11,33,2.0,4.0,10.0,2.0
Ice Dodgers,2020-11-14,49,5.0,6.0,11.0,4.0
Broom Mets,2020-11-15,32,3.0,4.0,10.0,2.0
Toronto Eagles,2020-11-16,0,0.0,7.0,7.0,2.0
Cold Colts,2020-11-16,0,7.0,0.0,7.0,5.0
Broom Mets,2020-11-17,57,1.0,8.0,6.0,1.0
Game of Stones,2020-11-18,80,6.0,0.0,6.0,4.0
Super Salsa,2020-11-18,78,7.0,10.0,10.0,4.0
Ottawa Greys,2020-11-20,3,6.0,0.0,10.0,4.0
Stone Mariners,2020-11-20,3,0.0,6.0,10.0,6.0
Ice Dodgers,2020-11-23,90,5.0,4.0,10.0,5.0
Calgary Bruins,2020-11-23,0,10.0,0.0,5.0,5.0
Ice Sabres,2020-11-23,0,0.0,10.0,5.0,0.0
Montreal Bruins,2020-11-24,58,6.0,0.0,5.0,5.0
Calgary Fleur-de-Lys,2020-11-25,84,0.0,10.0,6.0,0.0
Toronto Eagles,2020-11-26,25,1.0,7.0,7.0,1.0
Calgary Fleur-de-Lys,2020-11-27,31,6.0,5.0,11.0,5.0
Calgary Cougars,2020-11-27,84,0.0,10.0,6.0,0.0
Calgary Bruins,2020-11-28,93,6.0,0.0,5.0,4.0
Toronto Penguins,2020-12-02,1,3.0,8.0,10.0,3.0
Game of Stones,2020-12-02,1,8.0,3.0,10.0,7.0
Calgary Fleur-de-Lys,2020-12-02,3,1.0,7.0,6.0,1.0
Vancouver Fury,2020-12-02,3,7.0,1.0,6.0,5.0
Montreal Bruins,2020-12-04,72,8.0,6.0,11.0,4.0
Calgary Cougars,2020-12-05,3,6.0,3.0,10.0,7.0
Calgary Fleur-de-Lys,2020-12-05,3,3.0,6.0,10.0,3.0
Vancouver Islanders,2020-12-06,61,0.0,8.0,8.0,0.0
Super Salsa,2020-12-08,44,6.0,3.0,10.0,5.0
Ice Dodgers,2020-12-12,78,4.0,7.0,10.0,2.0
Ottawa Greys,2020-12-13,74,8.0,6.0,10.0,4.0
Toronto Penguins,2020-12-13,13,5.0,6.0,10.0,4.0
Super Salsa,2020-12-14,14,8.0,4.0,10.0,5.0
Toronto Penguins,2020-12-19,40,4.0,10.0,8.0,3.0
Toronto Eagles,2020-12-20,35,2.0,6.0,10.0,2.0
Vancouver Fury,2020-12-21,2,7.0,1.0,6.0,5.0
Cold Travelways,2020-12-21,2,1.0,7.0,6.0,1.0
Calgary Cubs,2020-12-24,10,5.0,2.0,10.0,4.0
Cold Colts,2020-12-24,99,6.0,0.0,5.0,3.0
Ottawa Victorias,2020-12-25,46,5.0,9.0,13.0,4.0
Calgary Cougars,2020-12-25,102,5.0,2.0,10.0,4.0
Stone Timberwolves,2020-12-26,32,7.0,0.0,6.0,5.0
Game of Stones,2020-12-26,47,6.0,0.0,6.0,5.0
Montreal Lasers,2020-12-28,4,8.0,6.0,10.0,7.0
Cold Islanders,2020-12-28,4,6.0,8.0,10.0,3.0
Ice Sabres,2020-12-30,33,3.0,9.0,9.0,2.0
Montreal Raiders,2020-12-30,4,0.0,10.0,7.0,0.0
Montreal Bruins,2020-12-30,4,10.0,0.0,7.0,7.0
Toronto Eagles,2020-12-31,4,1.0,7.0,5.0,1.0
Cold Colts,2020-12-31,4,7.0,1.0,5.0,4.0
Montreal Raiders,2021-01-01,25,1.0,12.0,6.0,1.0
Stone Mariners,2021-01-08,57,6.0,7.0,10.0,4.0
Ice Dodgers,2021-01-10,7,5.0,6.0,10.0,4.0
Cold Travelways,2021-01-12,102,6.0,5.0,11.0,4.0
Stone Timberwolves,2021-01-13,8,7.0,1.0,8.0,5.0
Ice Sabres,2021-01-14,0,0.0,9.0,6.0,1.0
Calgary Bruins,2021-01-14,0,9.0,0.0,6.0,5.0
Ottawa Victorias,2021-01-15,42,5.0,7.0,10.0,4.0
Cold Travelways,2021-01-17,58,4.0,7.0,10.0,3.0
Vancouver Fury,2021-01-18,2,8.0,0.0,6.0,6.0
Vancouver Islanders,2021-01-18,2,0.0,7.0,8.0,2.0
Cold Travelways,2021-01-18,2,0.0,8.0,6.0,0.0
Game of Stones,2021-01-18,2,7.0,0.0,8.0,6.0
Ottawa Greys,2021-01-21,38,6.0,1.0,10.0,5.0
Vancouver Fury,2021-01-22,42,7.0,1.0,7.0,5.0
Cold Colts,2021-01-23,4,12.0,3.0,10.0,8.0
Montreal Raiders,2021-01-23,4,3.0,12.0,10.0,2.0
Cold Travelways,2021-01-24,58,5.0,7.0,10.0,3.0
Cold Chinooks,2021-01-24,62,5.0,6.0,10.0,4.0
Vancouver Fury,2021-01-25,46,4.0,2.0,10.0,4.0
Montreal Raiders,2021-01-26,69,6.0,5.0,10.0,5.0
Toronto Penguins,2021-01-27,51,6.0,4.0,10.0,4.0
Game of Stones,2021-01-27,48,7.0,2.0,10.0,6.0
Stone Timberwolves,2021-01-29,8,10.0,1.0,7.0,6.0
Montreal Raiders,2021-01-29,21,11.0,5.0,10.0,4.0
Ice Dodgers,2021-01-30,24,5.0,2.0,10.0,3.0
Calgary Cubs,2021-01-31,4,6.0,3.0,10.0,5.0
Montreal Bruins,2021-01-31,4,3.0,6.0,10.0,5.0
Ice Dodgers,2021-02-02,8,6.0,5.0,10.0,4.0
Cold Travelways,2021-02-04,31,7.0,10.0,11.0,4.0
Vancouver Islanders,2021-02-05,92,1.0,10.0,9.0,1.0
Calgary Cougars,2021-02-06,76,10.0,6.0,11.0,6.0
Stone Mariners,2021-02-07,14,0.0,7.0,8.0,0.0
Cold Islanders,2021-02-07,64,12.0,6.0,9.0,6.0
Cold Chinooks,2021-02-08,62,2.0,6.0,10.0,2.0
Cold Colts,2021-02-09,4,6.0,4.0,10.0,7.0
Calgary Cougars,2021-02-09,4,4.0,6.0,10.0,3.0
Montreal Lasers,2021-02-10,52,10.0,1.0,8.0,7.0
Stone Timberwolves,2021-02-12,85,7.0,5.0,10.0,5.0
Ottawa Greys,2021-02-14,78,6.0,7.0,10.0,5.0
Ice Dodgers,2021-02-17,90,5.0,4.0,10.0,4.0
Montreal Lasers,2021-02-17,60,8.0,0.0,5.0,5.0
Toronto Eagles,2021-02-18,1,7.0,3.0,10.0,3.0
Calgary Fleur-de-Lys,2021-02-18,99,9.0,3.0,10.0,5.0
Calgary Cubs,2021-02-18,3,6.0,8.0,11.0,5.0
Vancouver Fury,2021-02-18,3,8.0,6.0,11.0,6.0
Cold Travelways,2021-02-18,1,3.0,7.0,10.0,7.0
Ice Dodgers,2021-02-21,1,3.0,9.0,8.0,3.0
Super Salsa,2021-02-21,1,9.0,3.0,8.0,5.0
Montreal Raiders,2021-02-25,4,5.0,4.0,10.0,7.0
Calgary Cougars,2021-02-25,4,4.0,5.0,10.0,3.0
Ice Dodgers,2021-02-26,1,8.0,0.0,5.0,5.0
Broom Mets,2021-02-26,1,0.0,8.0,5.0,0.0
Ottawa Victorias,2021-02-26,35,2.0,9.0,9.0,1.0
Vancouver Islanders,2021-03-01,61,0.0,7.0,5.0,0.0
Calgary Cougars,2021-03-02,3,0.0,9.0,7.0,0.0
Vancouver Fury,2021-03-02,3,9.0,0.0,7.0,7.0
Calgary Fleur-de-Lys,2021-03-03,69,7.0,1.0,6.0,5.0
Cold Chinooks,2021-03-03,23,0.0,7.0,5.0,0.0
Ice Dodgers,2021-03-03,1,9.0,11.0,10.0,4.0
Ottawa Greys,2021-03-03,1,11.0,9.0,10.0,6.0
Broom Hawks,2021-03-07,4,1.0,7.0,7.0,1.0
Toronto Eagles,2021-03-07,0,0.0,7.0,5.0,0.0
Montreal Bruins,2021-03-07,0,7.0,0.0,5.0,5.0
Montreal Braves,2021-03-07,4,7.0,1.0,7.0,6.0
Ice Dodgers,2021-03-08,4,6.0,7.0,10.0,5.0
Cold Islanders,2021-03-08,34,8.0,4.0,10.0,5.0
Super Salsa,2021-03-08,4,7.0,6.0,10.0,5.0
Vancouver Islanders,2021-03-10,16,4.0,10.0,6.0,1.0
Montreal Bruins,2021-03-12,63,5.0,3.0,10.0,4.0
Toronto Eagles,2021-03-14,25,0.0,8.0,6.0,0.0
Montreal Raiders,2021-03-16,4,0.0,8.0,5.0,1.0
Calgary Rockets,2021-03-16,4,8.0,0.0,5.0,4.0
Game of Stones,2021-03-17,80,8.0,0.0,5.0,4.0
Cold Travelways,2021-03-17,99,4.0,7.0,10.0,3.0
Super Salsa,2021-03-18,17,11.0,4.0,9.0,6.0
Broom Mets,2021-03-18,90,8.0,2.0,7.0,5.0
Broom Mets,2021-03-21,82,2.0,10.0,10.0,2.0
Game of Stones,2021-03-22,13,6.0,5.0,10.0,5.0
Super Salsa,2021-03-23,54,1.0,8.0,6.0,1.0
Stone Mariners,2021-03-23,32,3.0,6.0,10.0,2.0
Vancouver Islanders,2021-03-26,51,2.0,9.0,8.0,1.0
Broom Mets,2021-03-26,26,8.0,2.0,7.0,4.0
Game of Stones,2021-03-28,40,6.0,0.0,6.0,4.0
Super Salsa,2021-03-28,4,4.0,9.0,10.0,5.0
Ottawa Greys,2021-03-28,4,9.0,4.0,10.0,5.0
Broom Hawks,2021-03-28,45,9.0,1.0,6.0,5.0
Broom Mets,2021-03-30,90,3.0,7.0,10.0,2.0
Vancouver Fury,2021-03-30,3,6.0,8.0,11.0,5.0
Calgary Rockets,2021-03-30,3,8.0,6.0,11.0,6.0
Montreal Raiders,2021-03-30,4,8.0,3.0,10.0,8.0
Toronto Eagles,2021-03-30,4,3.0,8.0,10.0,2.0
Game of Stones,2021-03-31,20,8.0,0.0,5.0,4.0
Ice Sabres,2021-04-01,33,3.0,7.0,10.0,3.0
Calgary Rockets,2021-04-04,25,11.0,4.0,9.0,6.0
Calgary Cougars,2021-04-06,69,7.0,2.0,10.0,5.0
Broom Mets,2021-04-06,65,5.0,9.0,10.0,4.0
Calgary Bruins,2021-04-06,100,6.0,0.0,5.0,4.0
Game of Stones,2021-04-06,12,6.0,0.0,6.0,4.0
Super Salsa,2021-04-07,4,4.0,9.0,10.0,4.0
Stone Timberwolves,2021-04-07,4,9.0,4.0,10.0,6.0
Vancouver Islanders,2021-04-07,28,0.0,10.0,7.0,0.0
Toronto Penguins,2021-04-08,16,5.0,8.0,10.0,4.0
Montreal Braves,2021-04-08,67,6.0,3.0,10.0,5.0
Montreal Bruins,2021-04-08,72,10.0,4.0,9.0,6.0
Calgary Cougars,2021-04-08,25,0.0,11.0,6.0,0.0
Calgary Cougars,2021-04-13,3,6.0,8.0,12.0,7.0
Calgary Cubs,2021-04-13,3,8.0,6.0,12.0,5.0
Game of Stones,2021-04-16,0,7.0,0.0,7.0,5.0
Toronto Penguins,2021-04-16,0,0.0,7.0,7.0,2.0
Ice Dodgers,2021-04-19,6,7.0,5.0,10.0,5.0
Cold Chinooks,2021-04-19,66,2.0,9.0,8.0,2.0
Ottawa Victorias,2021-04-20,3,11.0,3.0,9.0,6.0
Calgary Fleur-de-Lys,2021-04-20,3,3.0,11.0,9.0,3.0
Ice Dodgers,2021-04-20,96,4.0,6.0,10.0,2.0
Vancouver Islanders,2021-04-20,80,7.0,8.0,11.0,3.0
Montreal Bruins,2021-04-20,35,6.0,5.0,10.0,4.0
Vancouver Fury,2021-04-21,10,10.0,2.0,8.0,6.0
Toronto Eagles,2021-04-22,31,5.0,6.0,11.0,2.0
Calgary Fleur-de-Lys,2021-04-24,21,7.0,1.0,7.0,6.0
Vancouver Islanders,2021-04-25,28,0.0,6.0,5.0,0.0
Cold Colts,2021-04-26,4,1.0,8.0,5.0,1.0
Calgary Fleur-de-Lys,2021-04-26,4,8.0,1.0,5.0,4.0
Ice Dodgers,2021-04-27,14,4.0,10.0,8.0,2.0
Montreal Lasers,2021-04-28,103,3.0,11.0,8.0,2.0
Cold Islanders,2021-04-30,43,8.0,2.0,9.0,5.0
Ice Cougars,2021-04-30,80,2.0,9.0,10.0,1.0
Ice Cougars,2021-05-01,71,1.0,7.0,7.0,1.0
Game of Stones,2021-05-01,48,5.0,4.0,10.0,3.0
Calgary Cubs,2021-05-01,35,6.0,7.0,10.0,5.0
Ottawa Greys,2021-05-03,38,8.0,5.0,10.0,5.0
Calgary Cubs,2021-05-05,63,5.0,10.0,10.0,2.0
Toronto Penguins,2021-05-08,13,3.0,7.0,10.0,2.0
Calgary Rockets,2021-05-08,3,8.0,7.0,10.0,7.0
Vancouver Fury,2021-05-08,3,7.0,8.0,10.0,3.0
Montreal Bruins,2021-05-09,102,7.0,3.0,10.0,6.0
Vancouver Fury,2021-05-11,46,7.0,4.0,10.0,5.0
Calgary Bruins,2021-05-12,95,8.0,2.0,7.0,5.0
Montreal Braves,2021-05-14,56,7.0,0.0,5.0,5.0
Ice Bulls,2021-05-16,69,7.0,8.0,10.0,5.0
Calgary Fleur-de-Lys,2021-05-17,58,7.0,5.0,10.0,4.0
Broom Mets,2021-05-18,3,8.0,7.0,10.0,5.0
Stone Mariners,2021-05-18,3,7.0,8.0,10.0,5.0
Cold Travelways,2021-05-19,3,0.0,9.0,5.0,0.0
Calgary Fleur-de-Lys,2021-05-19,3,9.0,0.0,5.0,5.0
Montreal Braves,2021-05-23,22,7.0,3.0,10.0,4.0
Stone Mariners,2021-05-23,85,2.0,9.0,7.0,1.0
Ottawa Greys,2021-05-24,32,5.0,6.0,10.0,4.0
Ottawa Victorias,2021-05-26,25,7.0,3.0,10.0,4.0
Calgary Rockets,2021-05-26,84,5.0,3.0,10.0,3.0
Calgary Fleur-de-Lys,2021-05-27,3,2.0,7.0,10.0,2.0
Calgary Cougars,2021-05-27,3,7.0,2.0,10.0,8.0
Super Salsa,2021-05-30,77,8.0,6.0,11.0,6.0
Ice Dodgers,2021-06-03,77,7.0,3.0,10.0,5.0
Ottawa Greys,2021-06-05,57,6.0,2.0,10.0,4.0
Toronto Eagles,2021-06-05,0,0.0,9.0,5.0,0.0
Cold Colts,2021-06-05,0,9.0,0.0,5.0,5.0
Ottawa Victorias,2021-06-05,69,5.0,3.0,10.0,4.0
Vancouver Islanders,2021-06-05,13,0.0,6.0,5.0,0.0
Cold Travelways,2021-06-06,0,4.0,7.0,10.0,3.0
Toronto Eagles,2021-06-06,0,7.0,4.0,10.0,7.0
Super Salsa,2021-06-07,44,3.0,2.0,10.0,2.0
Ice Dodgers,2021-06-08,26,5.0,6.0,14.0,3.0
Ice Bulls,2021-06-09,4,0.0,6.0,6.0,2.0
Calgary Rockets,2021-06-09,4,6.0,0.0,6.0,4.0
Calgary Fleur-de-Lys,2021-06-10,3,10.0,5.0,10.0,8.0
Ice Bulls,2021-06-10,3,5.0,10.0,10.0,2.0
Cold Colts,2021-06-10,4,5.0,4.0,10.0,3.0
Montreal Bruins,2021-06-10,4,4.0,5.0,10.0,7.0
Calgary Rockets,2021-06-11,76,8.0,0.0,5.0,4.0
Montreal Raiders,2021-06-14,3,0.0,6.0,5.0,0.0
Calgary Cubs,2021-06-14,3,6.0,0.0,5.0,5.0
Ice Bulls,2021-06-15,25,1.0,8.0,9.0,1.0
Toronto Eagles,2021-06-16,0,4.0,10.0,10.0,4.0
Ottawa Victorias,2021-06-16,0,10.0,4.0,10.0,6.0
Calgary Cougars,2021-06-17,46,7.0,3.0,10.0,4.0
Montreal Bruins,2021-06-19,4,7.0,4.0,10.0,8.0
Calgary Cougars,2021-06-19,4,4.0,7.0,10.0,2.0
Cold Travelways,2021-06-20,1,0.0,7.0,5.0,1.0
Calgary Bruins,2021-06-20,73,7.0,6.0,10.0,3.0
Calgary Rockets,2021-06-20,1,7.0,0.0,5.0,4.0
Montreal Raiders,2021-06-22,4,2.0,8.0,7.0,1.0
Calgary Fleur-de-Lys,2021-06-22,4,8.0,2.0,7.0,6.0
Ice Cougars,2021-06-22,47,1.0,7.0,6.0,1.0
Ice Unicorns,2021-06-23,94,3.0,5.0,10.0,3.0
Calgary Bruins,2021-06-24,3,4.0,7.0,10.0,7.0
Cold Huskies,2021-06-24,3,7.0,4.0,10.0,3.0
Broom Hawks,2021-06-24,11,8.0,7.0,10.0,3.0
Calgary Fleur-de-Lys,2021-06-27,31,0.0,6.0,5.0,0.0
Stone Timberwolves,2021-06-27,4,8.0,3.0,10.0,5.0
Super Salsa,2021-06-27,4,3.0,8.0,10.0,5.0
Toronto Penguins,2021-06-27,0,6.0,8.0,10.0,6.0
Cold Islanders,2021-06-27,1,7.0,5.0,11.0,4.0
Game of Stones,2021-06-27,0,8.0,6.0,10.0,4.0
Cold Chinooks,2021-06-27,1,5.0,7.0,11.0,7.0
Broom Mets,2021-06-28,1,8.0,1.0,6.0,5.0
Stone Mariners,2021-06-28,1,1.0,8.0,6.0,1.0
Calgary Cubs,2021-06-30,4,3.0,9.0,7.0,2.0
Stone Mariners,2021-06-30,96,2.0,9.0,5.0,1.0
Montreal Bruins,2021-06-30,4,9.0,3.0,7.0,5.0
Ice Dodgers,2021-07-01,26,6.0,4.0,10.0,3.0
Vancouver Fury,2021-07-03,2,9.0,3.0,6.0,4.0
Game of Stones,2021-07-03,92,8.0,7.0,10.0,4.0
Ottawa Victorias,2021-07-03,2,3.0,9.0,6.0,2.0
Game of Stones,2021-07-04,97,3.0,9.0,5.0,2.0
Calgary Fleur-de-Lys,2021-07-04,58,10.0,4.0,9.0,6.0
Game of Stones,2021-07-05,15,3.0,8.0,10.0,2.0
Cold Chinooks,2021-07-05,83,3.0,10.0,9.0,2.0
Ice Bulls,2021-07-06,102,3.0,8.0,10.0,2.0
Stone Mariners,2021-07-07,85,1.0,14.0,6.0,1.0
Super Salsa,2021-07-08,4,8.0,2.0,9.0,7.0
Broom Mets,2021-07-08,4,2.0,8.0,9.0,2.0
Calgary Cougars,2021-07-08,69,10.0,4.0,10.0,5.0
Broom Hawks,2021-07-10,79,1.0,7.0,8.0,1.0
Ice Bulls,2021-07-11,4,4.0,5.0,11.0,7.0
Vancouver Fury,2021-07-11,2,6.0,0.0,6.0,6.0
Cold Travelways,2021-07-11,2,0.0,6.0,6.0,0.0
Calgary Rockets,2021-07-11,4,5.0,4.0,11.0,4.0
Ice Sabres,2021-07-12,100,4.0,6.0,10.0,3.0
Broom Mets,2021-07-14,14,2.0,8.0,6.0,1.0
Ottawa Victorias,2021-07-14,102,5.0,4.0,10.0,3.0
Toronto Penguins,2021-07-15,51,8.0,3.0,10.0,6.0
Ice Huskies,2021-07-15,38,3.0,7.0,10.0,2.0
Super Salsa,2021-07-17,32,4.0,5.0,10.0,4.0
Ice Cougars,2021-07-20,0,1.0,11.0,5.0,1.0
Toronto Penguins,2021-07-20,0,11.0,1.0,5.0,4.0
Stone Mariners,2021-07-21,96,0.0,8.0,8.0,0.0
Vancouver Islanders,2021-07-21,80,7.0,8.0,10.0,4.0
Broom Mets,2021-07-21,7,6.0,9.0,10.0,3.0
Ottawa Victorias,2021-07-23,4,0.0,11.0,5.0,0.0
Cold Colts,2021-07-23,4,11.0,0.0,5.0,5.0
Baby Broomers,2021-07-25,62,2.0,8.0,10.0,2.0
Broom Mets,2021-07-27,1,2.0,8.0,7.0,3.0
Calgary Bruins,2021-07-27,9,7.0,9.0,10.0,4.0
Stone Timberwolves,2021-07-27,1,8.0,2.0,7.0,4.0
Cold Colts,2021-07-28,3,6.0,7.0,10.0,4.0
Calgary Cougars,2021-07-28,3,7.0,6.0,10.0,6.0
Ottawa Victorias,2021-07-29,25,5.0,6.0,11.0,3.0
Cold Islanders,2021-07-29,0,8.0,4.0,10.0,7.0
Stone Timberwolves,2021-07-29,1,8.0,5.0,10.0,5.0
Ottawa Greys,2021-07-29,1,5.0,8.0,10.0,5.0
Cold Chinooks,2021-07-29,0,4.0,8.0,10.0,3.0
Calgary Cubs,2021-07-29,42,5.0,2.0,10.0,3.0
Cold Chinooks,2021-07-30,34,4.0,7.0,10.0,3.0
Cold Travelways,2021-08-02,69,9.0,3.0,7.0,4.0
Calgary Bruins,2021-08-02,95,8.0,0.0,6.0,6.0
Montreal Bruins,2021-08-04,72,8.0,6.0,10.0,4.0
Stone Mariners,2021-08-04,65,6.0,7.0,10.0,4.0
Ice Cougars,2021-08-04,71,6.0,7.0,10.0,3.0
Ottawa Greys,2021-08-06,89,5.0,4.0,10.0,3.0
Ottawa Victorias,2021-08-08,42,6.0,4.0,10.0,5.0
Super Salsa,2021-08-08,74,8.0,0.0,8.0,6.0
Baby Broomers,2021-08-09,86,8.0,2.0,7.0,5.0
Ice Huskies,2021-08-09,3,3.0,7.0,10.0,4.0
Stone Mariners,2021-08-09,3,7.0,3.0,10.0,6.0
Ice Sabres,2021-08-11,9,0.0,9.0,10.0,0.0
Cold Chinooks,2021-08-11,87,8.0,5.0,10.0,3.0
Ottawa Victorias,2021-08-12,63,7.0,8.0,11.0,4.0
Vancouver Islanders,2021-08-13,0,7.0,8.0,10.0,3.0
Ice Cougars,2021-08-13,0,8.0,7.0,10.0,7.0
Baby Broomers,2021-08-15,66,2.0,9.0,9.0,2.0
Ice Huskies,2021-08-15,24,3.0,6.0,10.0,3.0
Toronto Penguins,2021-08-16,51,7.0,6.0,10.0,4.0
Stone Timberwolves,2021-08-16,65,6.0,0.0,5.0,3.0
Stone Mariners,2021-08-17,3,3.0,10.0,8.0,2.0
Ottawa Greys,2021-08-17,3,10.0,3.0,8.0,6.0
Ice Unicorns,2021-08-17,60,8.0,2.0,8.0,6.0
Baby Broomers,2021-08-17,53,3.0,6.0,10.0,1.0
Calgary Cougars,2021-08-17,76,8.0,2.0,9.0,4.0
Montreal Braves,2021-08-17,11,7.0,2.0,10.0,5.0
Ice Dodgers,2021-08-17,24,9.0,4.0,10.0,4.0
Broom Mets,2021-08-18,49,2.0,9.0,7.0,2.0
Broom Mets,2021-08-19,4,1.0,7.0,6.0,1.0
Super Salsa,2021-08-19,4,7.0,1.0,6.0,5.0
Montreal Bruins,2021-08-20,4,8.0,2.0,7.0,5.0
Cold Travelways,2021-08-20,1,7.0,0.0,5.0,5.0
Ice Bulls,2021-08-20,4,2.0,8.0,7.0,2.0
Montreal Raiders,2021-08-20,1,0.0,7.0,5.0,0.0
Super Salsa,2021-08-20,77,7.0,1.0,7.0,5.0
Broom Hawks,2021-08-22,101,9.0,0.0,6.0,4.0
Calgary Cubs,2021-08-24,1,4.0,6.0,10.0,4.0
Ottawa Victorias,2021-08-24,1,6.0,4.0,10.0,6.0
Montreal Bruins,2021-08-25,69,10.0,7.0,11.0,6.0
Broom Hawks,2021-08-25,79,2.0,7.0,10.0,2.0
Calgary Cougars,2021-08-25,3,4.0,6.0,10.0,6.0
Calgary Fleur-de-Lys,2021-08-25,3,6.0,4.0,10.0,4.0
Calgary Cougars,2021-08-26,2,0.0,6.0,6.0,0.0
Calgary Fleur-de-Lys,2021-08-26,3,3.0,6.0,10.0,5.0
Calgary Rockets,2021-08-26,3,6.0,3.0,10.0,5.0
Vancouver Fury,2021-08-26,2,6.0,0.0,6.0,6.0
Calgary Rockets,2021-08-28,10,7.0,0.0,7.0,5.0
Calgary Bruins,2021-08-28,81,9.0,0.0,5.0,4.0
Cold Chinooks,2021-08-30,1,1.0,9.0,9.0,2.0
Montreal Lasers,2021-08-30,1,9.0,1.0,9.0,7.0
Cold Islanders,2021-08-30,0,8.0,6.0,10.0,6.0
Super Atlantics,2021-08-30,0,6.0,8.0,10.0,4.0
Cold Travelways,2021-09-01,1,1.0,7.0,6.0,2.0
Vancouver Fury,2021-09-01,1,7.0,1.0,6.0,4.0
Montreal Bruins,2021-09-01,72,4.0,8.0,10.0,2.0
Calgary Bruins,2021-09-03,100,6.0,0.0,7.0,4.0
Cold Huskies,2021-09-04,37,6.0,0.0,5.0,3.0
Vancouver Islanders,2021-09-05,61,0.0,6.0,5.0,0.0
Super Salsa,2021-09-05,77,5.0,7.0,11.0,4.0
Vancouver Buccaneers,2021-09-05,52,6.0,0.0,6.0,5.0
Ottawa Greys,2021-09-06,3,11.0,0.0,6.0,5.0
Stone Mariners,2021-09-06,3,0.0,11.0,6.0,1.0
Ice Sabres,2021-09-07,29,0.0,7.0,10.0,0.0
Cold Colts,2021-09-08,21,7.0,4.0,10.0,3.0
Cold Huskies,2021-09-08,93,6.0,0.0,7.0,5.0
Vancouver Buccaneers,2021-09-09,2,1.0,8.0,5.0,1.0
Calgary Cougars,2021-09-09,21,7.0,0.0,5.0,4.0
Montreal Bruins,2021-09-09,4,10.0,2.0,8.0,7.0
Montreal Lasers,2021-09-09,2,8.0,1.0,5.0,4.0
Toronto Eagles,2021-09-09,4,2.0,10.0,8.0,1.0
Toronto Eagles,2021-09-10,46,3.0,9.0,8.0,2.0
Montreal Raiders,2021-09-10,72,4.0,11.0,7.0,2.0
Vancouver Buccaneers,2021-09-11,86,5.0,4.0,10.0,3.0
Cold Chinooks,2021-09-11,62,1.0,7.0,6.0,1.0
Cold Huskies,2021-09-11,95,4.0,1.0,10.0,4.0
Ice Huskies,2021-09-12,7,0.0,7.0,5.0,0.0
Cold Chinooks,2021-09-13,34,8.0,2.0,6.0,4.0
Stone Mariners,2021-09-14,8,2.0,12.0,9.0,1.0
Ice Huskies,2021-09-14,7,1.0,12.0,6.0,1.0
Calgary Cubs,2021-09-15,84,2.0,9.0,8.0,1.0
Ice Unicorns,2021-09-15,36,4.0,5.0,10.0,3.0
Vancouver Fury,2021-09-16,2,6.0,0.0,7.0,7.0
Montreal Raiders,2021-09-16,2,0.0,6.0,7.0,0.0
Stone Mariners,2021-09-16,65,1.0,9.0,8.0,1.0
Montreal Bruins,2021-09-17,25,6.0,3.0,10.0,3.0
Montreal Braves,2021-09-23,11,9.0,4.0,10.0,6.0
Ottawa Victorias,2021-09-23,10,3.0,10.0,8.0,2.0
Vancouver Islanders,2021-09-24,92,0.0,6.0,5.0,0.0
Ice Dodgers,2021-09-24,77,5.0,7.0,10.0,2.0
Vancouver Islanders,2021-09-25,97,0.0,11.0,5.0,0.0
Montreal Lasers,2021-09-25,4,3.0,7.0,10.0,4.0
Super Atlantics,2021-09-25,4,7.0,3.0,10.0,6.0
Calgary Cougars,2021-09-25,42,11.0,3.0,6.0,4.0
Calgary Cubs,2021-09-26,63,8.0,3.0,10.0,4.0
Cold Colts,2021-09-26,4,8.0,2.0,9.0,8.0
Ottawa Victorias,2021-09-26,4,2.0,8.0,9.0,1.0
Cold Chinooks,2021-09-28,87,4.0,3.0,10.0,4.0
Vancouver Islanders,2021-09-29,47,0.0,8.0,9.0,0.0
Ice Cougars,2021-10-01,97,2.0,7.0,10.0,2.0
Ice Dodgers,2021-10-03,96,4.0,10.0,9.0,1.0
Ice Sabres,2021-10-05,9,2.0,8.0,5.0,1.0
Ice Unicorns,2021-10-06,52,6.0,0.0,5.0,5.0
Broom Hawks,2021-10-06,101,7.0,6.0,10.0,5.0
Toronto Penguins,2021-10-06,48,4.0,5.0,11.0,4.0
Vancouver Islanders,2021-10-08,71,3.0,6.0,10.0,2.0
Ice Bulls,2021-10-08,21,0.0,7.0,6.0,0.0
Calgary Cougars,2021-10-09,3,2.0,4.0,10.0,6.0
Cold Islanders,2021-10-09,87,7.0,4.0,10.0,5.0
Cold Colts,2021-10-09,3,4.0,2.0,10.0,4.0
Super Salsa,2021-10-09,32,7.0,5.0,10.0,6.0
Super Atlantics,2021-10-10,91,9.0,1.0,8.0,6.0
Montreal Bruins,2021-10-10,31,9.0,1.0,6.0,5.0
Cold Chinooks,2021-10-10,1,1.0,7.0,9.0,3.0
Ice Unicorns,2021-10-10,1,7.0,1.0,9.0,6.0
Ottawa Victorias,2021-10-12,1,6.0,5.0,10.0,6.0
Vancouver Fury,2021-10-12,1,5.0,6.0,10.0,4.0
Ottawa Greys,2021-10-14,57,7.0,1.0,6.0,4.0
Vancouver Islanders,2021-10-15,47,0.0,8.0,8.0,0.0
Ottawa Greys,2021-10-15,54,5.0,8.0,10.0,3.0
Montreal Bruins,2021-10-16,99,5.0,3.0,10.0,3.0
Montreal Braves,2021-10-16,98,11.0,0.0,5.0,5.0
Cold Huskies,2021-10-17,3,6.0,0.0,6.0,6.0
Ice Sabres,2021-10-17,3,0.0,6.0,6.0,0.0
Toronto Eagles,2021-10-17,4,0.0,11.0,7.0,0.0
Montreal Bruins,2021-10-17,4,11.0,0.0,7.0,7.0
Broom Hawks,2021-10-18,19,12.0,0.0,5.0,5.0
Ice Sabres,2021-10-18,75,0.0,16.0,6.0,0.0
Montreal Raiders,2021-10-19,31,2.0,8.0,9.0,2.0
Montreal Braves,2021-10-19,98,10.0,2.0,8.0,6.0
Vancouver Islanders,2021-10-19,61,0.0,6.0,5.0,0.0
Ice Sabres,2021-10-20,37,2.0,5.0,10.0,2.0
Cold Travelways,2021-10-21,99,7.0,4.0,10.0,5.0
Toronto Penguins,2021-10-22,0,10.0,0.0,7.0,7.0
Ice Cougars,2021-10-22,0,0.0,10.0,7.0,0.0
Broom Hawks,2021-10-22,22,6.0,3.0,10.0,2.0
Toronto Penguins,2021-10-23,15,0.0,7.0,5.0,0.0
Vancouver Islanders,2021-10-25,92,1.0,7.0,7.0,1.0
Vancouver Islanders,2021-10-26,61,0.0,8.0,5.0,0.0
Montreal Bruins,2021-10-27,58,6.0,0.0,5.0,4.0
Calgary Rockets,2021-10-29,76,7.0,1.0,7.0,6.0
Game of Stones,2021-10-29,71,10.0,0.0,5.0,5.0
Calgary Fleur-de-Lys,2021-10-30,31,5.0,4.0,11.0,5.0
Game of Stones,2021-10-30,16,5.0,8.0,10.0,3.0
Montreal Braves,2021-10-31,2,6.0,0.0,8.0,5.0
Montreal Bruins,2021-10-31,69,7.0,0.0,7.0,5.0
Super Lords,2021-10-31,2,0.0,6.0,8.0,3.0
Ottawa Kiltys,2021-11-02,77,3.0,4.0,10.0,2.0
Super Salsa,2021-11-02,4,9.0,2.0,5.0,4.0
Ice Huskies,2021-11-02,4,2.0,9.0,5.0,1.0
Ice Dodgers,2021-11-02,38,7.0,5.0,10.0,4.0
Ice Bulls,2021-11-04,69,5.0,7.0,10.0,3.0
Ice Sabres,2021-11-05,29,0.0,7.0,5.0,0.0
Ottawa Victorias,2021-11-05,69,8.0,1.0,6.0,4.0
Stone Mariners,2021-11-06,7,4.0,7.0,10.0,2.0
Montreal Bruins,2021-11-06,76,6.0,3.0,10.0,4.0
Calgary Bruins,2021-11-08,95,7.0,8.0,10.0,4.0
Stone Mariners,2021-11-08,89,0.0,5.0,10.0,0.0
Cold Huskies,2021-11-08,81,8.0,2.0,7.0,5.0
Calgary Bruins,2021-11-09,3,8.0,0.0,5.0,5.0
Super Salsa,2021-11-09,50,8.0,0.0,7.0,4.0
Ice Sabres,2021-11-09,3,0.0,8.0,5.0,0.0
Ottawa Greys,2021-11-10,24,7.0,1.0,5.0,4.0
Ice Cougars,2021-11-10,20,3.0,6.0,10.0,3.0
Toronto Eagles,2021-11-11,102,6.0,7.0,10.0,3.0
Vancouver Buccaneers,2021-11-11,83,3.0,10.0,7.0,2.0
Ice Sabres,2021-11-13,93,3.0,7.0,10.0,2.0
Ice Bulls,2021-11-13,99,2.0,7.0,10.0,2.0
Montreal Bruins,2021-11-14,58,7.0,1.0,6.0,5.0
Stone Mariners,2021-11-16,54,0.0,7.0,6.0,0.0
Montreal Braves,2021-11-16,11,7.0,1.0,6.0,4.0
Super Salsa,2021-11-17,65,6.0,4.0,10.0,5.0
Ice Unicorns,2021-11-18,53,7.0,6.0,13.0,5.0
Baby Broomers,2021-11-19,18,7.0,1.0,5.0,3.0
Ice Dodgers,2021-11-21,89,2.0,9.0,8.0,1.0
Super Salsa,2021-11-21,44,6.0,7.0,10.0,3.0
Game of Stones,2021-11-23,71,8.0,0.0,6.0,5.0
Cold Islanders,2021-11-25,0,8.0,7.0,11.0,7.0
Montreal Raiders,2021-11-25,1,8.0,2.0,9.0,4.0
Ottawa Victorias,2021-11-25,1,2.0,8.0,9.0,5.0
Ottawa Kiltys,2021-11-25,17,2.0,11.0,6.0,1.0
Ice Unicorns,2021-11-25,0,7.0,8.0,11.0,4.0
Ice Huskies,2021-11-27,90,3.0,7.0,10.0,2.0
Cold Colts,2021-11-29,25,3.0,5.0,10.0,2.0
Calgary Cougars,2021-11-29,42,11.0,0.0,5.0,5.0
Game of Stones,2021-12-01,1,5.0,3.0,10.0,7.0
Ice Cougars,2021-12-01,1,3.0,5.0,10.0,3.0
Montreal Lasers,2021-12-02,68,5.0,6.0,10.0,4.0
Ice Unicorns,2021-12-03,0,4.0,7.0,10.0,3.0
Cold Islanders,2021-12-03,0,7.0,4.0,10.0,7.0
Toronto Penguins,2021-12-06,92,5.0,3.0,10.0,5.0
Toronto Olympics,2021-12-06,74,7.0,6.0,11.0,4.0
Vancouver Buccaneers,2021-12-06,91,1.0,8.0,8.0,1.0
Ice Dodgers,2021-12-07,77,9.0,6.0,10.0,6.0
Ice Sabres,2021-12-07,3,0.0,9.0,5.0,0.0
Cold Huskies,2021-12-07,3,9.0,0.0,5.0,5.0
Calgary Cubs,2021-12-08,46,7.0,6.0,10.0,4.0
Cold Chinooks,2021-12-09,87,13.0,2.0,8.0,5.0
Ottawa Greys,2021-12-10,7,6.0,0.0,5.0,3.0
Toronto Rockets,2021-12-11,0,3.0,6.0,10.0,5.0
Ice Huskies,2021-12-11,3,9.0,3.0,6.0,4.0
Stone Mariners,2021-12-11,3,3.0,9.0,6.0,2.0
Ottawa Greys,2021-12-11,77,3.0,9.0,8.0,3.0
Montreal Vipers,2021-12-11,0,6.0,3.0,10.0,5.0
Montreal Lasers,2021-12-12,4,8.0,4.0,10.0,6.0
Toronto Eagles,2021-12-12,4,1.0,8.0,9.0,1.0
Ice Unicorns,2021-12-12,4,4.0,8.0,10.0,4.0
Cold Colts,2021-12-12,4,8.0,1.0,9.0,8.0
Ice Unicorns,2021-12-13,91,7.0,6.0,10.0,4.0
Montreal Bruins,2021-12-13,63,11.0,5.0,8.0,6.0
Ottawa Greys,2021-12-13,7,7.0,0.0,5.0,4.0
Broom Mets,2021-12-14,17,3.0,7.0,10.0,2.0
Toronto Eagles,2021-12-14,4,2.0,9.0,9.0,1.0
Cold Colts,2021-12-14,4,9.0,2.0,9.0,8.0
Montreal Vipers,2021-12-15,88,7.0,4.0,10.0,5.0
Toronto Eagles,2021-12-17,0,4.0,8.0,10.0,4.0
Calgary Cubs,2021-12-17,0,8.0,4.0,10.0,6.0
Super Salsa,2021-12-19,90,6.0,2.0,10.0,5.0
Ice Unicorns,2021-12-19,64,6.0,2.0,10.0,6.0
Ice Dodgers,2021-12-20,96,6.0,7.0,10.0,4.0
Ottawa Victorias,2021-12-20,58,6.0,5.0,10.0,3.0
Ottawa Greys,2021-12-22,85,6.0,1.0,10.0,4.0
Vancouver Fury,2021-12-22,72,7.0,8.0,11.0,4.0
Ice Sabres,2021-12-23,33,1.0,8.0,10.0,1.0
Ice Unicorns,2021-12-25,62,10.0,0.0,7.0,6.0
Ice Dodgers,2021-12-26,17,0.0,6.0,5.0,0.0
Game of Stones,2021-12-28,47,7.0,8.0,10.0,3.0
Toronto Olympics,2021-12-28,3,8.0,2.0,7.0,5.0
Ice Huskies,2021-12-28,3,2.0,8.0,7.0,2.0
Cold Islanders,2021-12-29,2,7.0,1.0,5.0,4.0
Vancouver Buccaneers,2021-12-29,2,1.0,7.0,5.0,1.0
Calgary Fleur-de-Lys,2021-12-30,4,8.0,4.0,10.0,6.0
Montreal Raiders,2021-12-30,4,4.0,8.0,10.0,4.0
Toronto Rockets,2021-12-30,79,0.0,8.0,5.0,0.0
Ice Bulls,2022-01-01,31,3.0,7.0,10.0,3.0
Montreal Braves,2022-01-04,11,8.0,1.0,5.0,4.0
Ice Huskies,2022-01-04,4,5.0,7.0,10.0,3.0
Super Salsa,2022-01-04,4,7.0,5.0,10.0,7.0
Rolling Stones,2022-01-04,91,8.0,2.0,6.0,4.0
Toronto Rockets,2022-01-05,79,0.0,8.0,5.0,0.0
Calgary Metros,2022-01-05,18,7.0,1.0,6.0,5.0
Cold Huskies,2022-01-06,33,7.0,1.0,5.0,3.0
Calgary Metros,2022-01-08,68,7.0,5.0,10.0,5.0
Vancouver Fury,2022-01-08,35,0.0,8.0,5.0,0.0
Ice Huskies,2022-01-09,57,6.0,7.0,10.0,5.0
Broom Hawks,2022-01-09,11,8.0,5.0,10.0,5.0
Toronto Olympics,2022-01-12,90,7.0,5.0,11.0,6.0
Toronto Eagles,2022-01-12,31,0.0,8.0,7.0,0.0
Vancouver Islanders,2022-01-13,0,5.0,6.0,10.0,3.0
Ice Cougars,2022-01-13,0,6.0,5.0,10.0,7.0
Toronto Olympics,2022-01-13,26,9.0,3.0,7.0,4.0
Toronto Penguins,2022-01-14,1,4.0,5.0,10.0,4.0
Game of Stones,2022-01-14,1,5.0,4.0,10.0,6.0
Montreal Braves,2022-01-15,5,7.0,0.0,5.0,4.0
Stone Mariners,2022-01-16,96,1.0,9.0,6.0,1.0
Cold Islanders,2022-01-16,4,11.0,3.0,9.0,7.0
Montreal Lasers,2022-01-16,4,3.0,11.0,9.0,2.0
Ottawa Greys,2022-01-16,78,7.0,4.0,10.0,5.0
Cold Chinooks,2022-01-17,3,1.0,8.0,5.0,1.0
Calgary Metros,2022-01-17,3,8.0,1.0,5.0,4.0
Rolling Stones,2022-01-18,41,14.0,0.0,7.0,6.0
Vancouver Fury,2022-01-20,1,7.0,1.0,5.0,3.0
Cold Travelways,2022-01-20,1,1.0,7.0,5.0,2.0
Ottawa Kiltys,2022-01-23,4,10.0,3.0,7.0,5.0
Super Salsa,2022-01-23,4,3.0,10.0,7.0,2.0
Stone Timberwolves,2022-01-24,24,9.0,0.0,5.0,5.0
Rolling Stones,2022-01-24,3,3.0,7.0,10.0,5.0
Super Atlantics,2022-01-24,3,7.0,3.0,10.0,5.0
Ottawa Victorias,2022-01-24,4,7.0,1.0,7.0,6.0
Toronto Penguins,2022-01-24,12,6.0,3.0,10.0,5.0
Stone Mariners,2022-01-24,6,0.0,6.0,7.0,0.0
Ice Sabres,2022-01-24,70,9.0,3.0,8.0,5.0
Montreal Raiders,2022-01-24,4,1.0,7.0,7.0,1.0
Stone Timberwolves,2022-01-25,2,11.0,0.0,6.0,6.0
Cold Islanders,2022-01-25,91,7.0,0.0,6.0,4.0
Ottawa Kiltys,2022-01-25,2,0.0,11.0,6.0,0.0
Calgary Fleur-de-Lys,2022-01-26,46,3.0,6.0,10.0,1.0
Ice Bulls,2022-01-26,1,6.0,7.0,10.0,4.0
Ottawa Victorias,2022-01-26,1,7.0,6.0,10.0,6.0
Ice Huskies,2022-01-26,3,0.0,8.0,5.0,1.0
Super Salsa,2022-01-26,3,8.0,0.0,5.0,4.0
Montreal Raiders,2022-01-27,4,0.0,8.0,5.0,1.0
Vancouver Islanders,2022-01-27,15,0.0,12.0,5.0,0.0
Montreal Bruins,2022-01-27,4,8.0,0.0,5.0,4.0
Montreal Lasers,2022-01-29,62,3.0,9.0,8.0,2.0
Vancouver Fury,2022-01-29,2,7.0,5.0,10.0,7.0
Ottawa Victorias,2022-01-29,2,5.0,7.0,10.0,3.0
Cold Islanders,2022-01-30,18,9.0,1.0,7.0,5.0
Toronto Penguins,2022-01-31,51,8.0,1.0,5.0,4.0
Toronto Rockets,2022-02-01,0,0.0,8.0,5.0,0.0
Broom Hawks,2022-02-01,0,8.0,0.0,5.0,5.0
Ice Dodgers,2022-02-02,1,3.0,6.0,10.0,2.0
Ottawa Greys,2022-02-02,1,6.0,3.0,10.0,8.0
Calgary Rockets,2022-02-03,3,7.0,1.0,8.0,4.0
Vancouver Buccaneers,2022-02-03,86,6.0,4.0,10.0,4.0
Calgary Fleur-de-Lys,2022-02-03,3,1.0,7.0,8.0,4.0
Montreal Bruins,2022-02-04,21,6.0,4.0,10.0,4.0
Broom Mets,2022-02-04,77,1.0,9.0,7.0,1.0
Montreal Bruins,2022-02-05,84,3.0,11.0,9.0,2.0
Stone Timberwolves,2022-02-06,65,6.0,3.0,10.0,4.0
Ice Cougars,2022-02-06,12,5.0,6.0,10.0,4.0
Broom Hawks,2022-02-07,98,12.0,9.0,10.0,3.0
Toronto Olympics,2022-02-08,38,10.0,2.0,8.0,6.0
Ice Huskies,2022-02-09,7,4.0,10.0,7.0,2.0
Cold Chinooks,2022-02-09,1,4.0,6.0,10.0,6.0
Ottawa Kiltys,2022-02-09,1,8.0,1.0,6.0,5.0
Toronto Olympics,2022-02-09,4,7.0,6.0,10.0,4.0
Super Salsa,2022-02-09,4,6.0,7.0,10.0,6.0
Vancouver Buccaneers,2022-02-09,1,6.0,4.0,10.0,4.0
Montreal Braves,2022-02-09,88,10.0,5.0,10.0,7.0
Stone Mariners,2022-02-09,1,1.0,8.0,6.0,1.0
Cold Chinooks,2022-02-12,86,3.0,9.0,8.0,2.0
Vancouver Buccaneers,2022-02-15,34,0.0,6.0,6.0,0.0
Cold Chinooks,2022-02-15,36,1.0,8.0,8.0,1.0
Ice Sabres,2022-02-15,9,2.0,6.0,10.0,2.0
Toronto Olympics,2022-02-15,32,7.0,4.0,10.0,4.0
Super Salsa,2022-02-16,74,2.0,11.0,8.0,2.0
Toronto Rockets,2022-02-16,11,0.0,6.0,5.0,0.0
Cold Huskies,2022-02-16,55,5.0,6.0,10.0,4.0
Broom Hawks,2022-02-16,19,6.0,0.0,5.0,3.0
Calgary Cougars,2022-02-18,72,3.0,7.0,10.0,2.0
Cold Travelways,2022-02-18,35,6.0,12.0,11.0,4.0
Vancouver Islanders,2022-02-18,30,0.0,7.0,7.0,0.0
Montreal Vipers,2022-02-19,19,8.0,0.0,5.0,5.0
Toronto Eagles,2022-02-21,46,0.0,6.0,5.0,0.0
Ice Huskies,2022-02-21,24,6.0,0.0,6.0,4.0
Vancouver Buccaneers,2022-02-21,34,8.0,11.0,10.0,4.0
Cold Colts,2022-02-24,58,10.0,0.0,8.0,8.0
Montreal Raiders,2022-02-26,72,0.0,7.0,7.0,0.0
Ice Bulls,2022-02-27,4,7.0,9.0,10.0,4.0
Cold Chinooks,2022-02-27,1,4.0,6.0,10.0,5.0
Cold Islanders,2022-02-27,1,6.0,4.0,10.0,5.0
Montreal Braves,2022-02-27,0,8.0,1.0,7.0,6.0
Toronto Rockets,2022-02-27,0,1.0,8.0,7.0,1.0
Montreal Bruins,2022-02-27,4,9.0,7.0,10.0,6.0
Super Salsa,2022-03-01,6,7.0,3.0,10.0,5.0
Calgary Fleur-de-Lys,2022-03-01,102,2.0,3.0,10.0,1.0
Toronto Eagles,2022-03-02,0,5.0,7.0,10.0,5.0
Ice Huskies,2022-03-02,54,0.0,6.0,5.0,0.0
Toronto Olympics,2022-03-02,78,8.0,1.0,6.0,5.0
Calgary Cubs,2022-03-02,0,7.0,5.0,10.0,5.0
Calgary Metros,2022-03-04,60,10.0,5.0,10.0,6.0
Stone Mariners,2022-03-05,6,1.0,7.0,8.0,1.0
Vancouver Buccaneers,2022-03-06,1,1.0,8.0,5.0,1.0
Cold Chinooks,2022-03-06,1,8.0,1.0,5.0,4.0
Vancouver Buccaneers,2022-03-07,18,10.0,0.0,5.0,5.0
Cold Huskies,2022-03-07,93,8.0,5.0,10.0,4.0
Super Lords,2022-03-08,56,3.0,9.0,8.0,3.0
Ice Sabres,2022-03-09,29,4.0,9.0,10.0,3.0
Toronto Eagles,2022-03-10,46,2.0,8.0,5.0,2.0
Ice Bulls,2022-03-14,42,3.0,4.0,10.0,2.0
Cold Colts,2022-03-14,25,3.0,10.0,8.0,1.0
Calgary Rockets,2022-03-16,102,7.0,2.0,10.0,5.0
Calgary Bruins,2022-03-19,27,8.0,2.0,6.0,3.0
Cold Islanders,2022-03-19,68,6.0,9.0,10.0,2.0
Cold Islanders,2022-03-20,23,4.0,10.0,8.0,1.0
Toronto Penguins,2022-03-21,61,5.0,7.0,11.0,3.0
Broom Mets,2022-03-21,65,4.0,6.0,10.0,2.0
Ice Huskies,2022-03-21,3,3.0,8.0,10.0,4.0
Ice Dodgers,2022-03-21,3,8.0,3.0,10.0,6.0
Calgary Bruins,2022-03-22,3,4.0,6.0,11.0,4.0
Cold Huskies,2022-03-22,3,6.0,4.0,11.0,7.0
Ottawa Greys,2022-03-23,6,1.0,7.0,6.0,1.0
Ottawa Greys,2022-03-24,7,8.0,5.0,10.0,4.0
Calgary Metros,2022-03-26,4,8.0,1.0,7.0,4.0
Ice Unicorns,2022-03-26,4,1.0,8.0,7.0,3.0
Calgary Rockets,2022-03-28,3,10.0,6.0,11.0,7.0
Montreal Bruins,2022-03-28,3,6.0,10.0,11.0,4.0
Montreal Bruins,2022-03-30,99,11.0,1.0,10.0,8.0
Vancouver Fury,2022-03-31,102,7.0,0.0,6.0,5.0
Ice Sabres,2022-04-01,55,3.0,10.0,6.0,2.0
Montreal Braves,2022-04-02,45,7.0,1.0,7.0,5.0
Toronto Rockets,2022-04-02,79,0.0,7.0,6.0,0.0
Stone Timberwolves,2022-04-03,50,7.0,0.0,7.0,6.0
Montreal Lasers,2022-04-03,66,4.0,10.0,9.0,2.0
Cold Travelways,2022-04-04,69,6.0,7.0,10.0,4.0
Calgary Metros,2022-04-05,103,9.0,1.0,6.0,4.0
Toronto Olympics,2022-04-07,0,7.0,0.0,6.0,6.0
Ice Huskies,2022-04-07,0,0.0,7.0,6.0,0.0
Broom Mets,2022-04-07,7,3.0,8.0,10.0,3.0
Calgary Rockets,2022-04-08,21,7.0,0.0,5.0,4.0
Toronto Rockets,2022-04-10,0,3.0,11.0,7.0,1.0
Broom Hawks,2022-04-10,0,11.0,3.0,7.0,6.0
Cold Travelways,2022-04-11,63,6.0,5.0,11.0,5.0
Super Lords,2022-04-11,2,0.0,6.0,5.0,0.0
Broom Hawks,2022-04-11,2,6.0,0.0,5.0,5.0
Montreal Vipers,2022-04-13,67,8.0,5.0,10.0,4.0
Vancouver Buccaneers,2022-04-14,103,8.0,7.0,10.0,3.0
Montreal Bruins,2022-04-15,69,8.0,0.0,5.0,4.0
Montreal Lasers,2022-04-17,43,1.0,8.0,8.0,1.0
Curlers Terriers,2022-04-17,22,7.0,5.0,10.0,3.0
Ottawa Greys,2022-04-18,65,6.0,0.0,6.0,5.0
Cold Islanders,2022-04-19,36,3.0,1.0,10.0,3.0
Cold Islanders,2022-04-20,2,7.0,0.0,5.0,4.0
Toronto Eagles,2022-04-20,0,3.0,7.0,10.0,5.0
Vancouver Buccaneers,2022-04-20,2,0.0,7.0,5.0,1.0
Calgary Cubs,2022-04-20,0,7.0,3.0,10.0,5.0
Ice Huskies,2022-04-20,85,4.0,7.0,10.0,3.0
Ice Cougars,2022-04-21,13,2.0,8.0,9.0,2.0
Ice Huskies,2022-04-21,7,0.0,9.0,5.0,0.0
Super Salsa,2022-04-21,4,7.0,1.0,7.0,6.0
Stone Mariners,2022-04-21,4,1.0,7.0,7.0,1.0
Calgary Rockets,2022-04-22,46,8.0,0.0,5.0,5.0
Ottawa Greys,2022-04-22,96,5.0,2.0,10.0,4.0
Calgary Bruins,2022-04-24,9,7.0,6.0,10.0,4.0
Broom Mets,2022-04-26,32,5.0,6.0,10.0,3.0
Montreal Raiders,2022-04-26,4,0.0,10.0,5.0,0.0
Toronto Eagles,2022-04-26,63,5.0,3.0,10.0,3.0
Calgary Rockets,2022-04-26,4,10.0,0.0,5.0,5.0
Montreal Raiders,2022-04-27,99,12.0,5.0,10.0,5.0
Ottawa Kiltys,2022-04-27,82,3.0,2.0,10.0,3.0
Game of Stones,2022-04-28,2,6.0,0.0,7.0,5.0
Vancouver Islanders,2022-04-28,2,0.0,6.0,7.0,2.0
Montreal Bruins,2022-04-28,46,8.0,0.0,5.0,5.0
Super Salsa,2022-04-29,89,6.0,7.0,10.0,2.0
Ice Sabres,2022-04-30,39,0.0,10.0,6.0,0.0
Montreal Bruins,2022-04-30,58,9.0,0.0,9.0,7.0
Ottawa Greys,2022-05-01,90,6.0,7.0,10.0,5.0
Cold Huskies,2022-05-03,75,2.0,7.0,10.0,2.0
Ice Bulls,2022-05-03,63,1.0,8.0,5.0,1.0
Ice Huskies,2022-05-04,7,3.0,11.0,9.0,2.0
Broom Mets,2022-05-04,1,0.0,6.0,6.0,2.0
Calgary Cubs,2022-05-04,4,5.0,7.0,10.0,2.0
Ottawa Kiltys,2022-05-04,1,6.0,0.0,6.0,4.0
Montreal Bruins,2022-05-04,4,7.0,5.0,10.0,8.0
Ice Unicorns,2022-05-04,43,4.0,6.0,10.0,3.0
Montreal Raiders,2022-05-05,2,5.0,7.0,10.0,2.0
Vancouver Fury,2022-05-05,2,7.0,5.0,10.0,8.0
Ice Unicorns,2022-05-05,41,9.0,1.0,5.0,4.0
Ottawa Victorias,2022-05-05,102,7.0,6.0,10.0,3.0
Ice Dodgers,2022-05-06,50,8.0,1.0,7.0,4.0
Ice Unicorns,2022-05-06,0,1.0,7.0,8.0,1.0
Ice Bulls,2022-05-06,42,4.0,7.0,10.0,2.0
Toronto Penguins,2022-05-06,28,6.0,10.0,10.0,4.0
Cold Islanders,2022-05-06,0,7.0,1.0,8.0,7.0
Ice Unicorns,2022-05-07,23,4.0,7.0,10.0,3.0
Montreal Lasers,2022-05-07,53,8.0,1.0,5.0,4.0
Montreal Raiders,2022-05-08,4,5.0,7.0,10.0,6.0
Calgary Cougars,2022-05-08,4,7.0,5.0,10.0,4.0
Super Lords,2022-05-08,2,2.0,8.0,9.0,1.0
Broom Hawks,2022-05-08,2,8.0,2.0,9.0,8.0
Calgary Rockets,2022-05-09,21,9.0,4.0,10.0,6.0
Stone Timberwolves,2022-05-09,26,9.0,2.0,6.0,5.0
Montreal Raiders,2022-05-10,25,0.0,9.0,7.0,0.0
Toronto Penguins,2022-05-11,71,6.0,0.0,6.0,4.0
Montreal Lasers,2022-05-13,0,3.0,9.0,6.0,2.0
Cold Islanders,2022-05-13,0,9.0,3.0,6.0,4.0
Super Atlantics,2022-05-13,18,7.0,0.0,6.0,4.0
Cold Chinooks,2022-05-15,1,0.0,11.0,6.0,0.0
Stone Timberwolves,2022-05-15,96,10.0,12.0,11.0,3.0
Super Atlantics,2022-05-15,1,11.0,0.0,6.0,6.0
Toronto Olympics,2022-05-16,3,7.0,0.0,5.0,5.0
Stone Mariners,2022-05-16,3,0.0,7.0,5.0,0.0
Super Salsa,2022-05-16,4,7.0,1.0,5.0,4.0
Ottawa Kiltys,2022-05-16,4,1.0,7.0,5.0,1.0
Super Salsa,2022-05-20,44,10.0,4.0,7.0,5.0
Stone Timberwolves,2022-05-20,32,6.0,7.0,10.0,4.0
Toronto Penguins,2022-05-21,97,9.0,3.0,8.0,6.0
Super Salsa,2022-05-21,49,6.0,0.0,5.0,4.0
Calgary Cubs,2022-05-22,72,3.0,7.0,10.0,3.0
Broom Hawks,2022-05-22,88,9.0,5.0,10.0,4.0
Ottawa Greys,2022-05-22,7,7.0,1.0,7.0,6.0
Calgary Rockets,2022-05-24,3,9.0,2.0,9.0,8.0
Calgary Fleur-de-Lys,2022-05-24,3,2.0,9.0,9.0,1.0
Ice Huskies,2022-05-24,24,4.0,5.0,10.0,2.0
Montreal Vipers,2022-05-26,79,5.0,6.0,10.0,4.0
Toronto Penguins,2022-05-26,71,6.0,3.0,10.0,4.0
Ottawa Victorias,2022-05-26,4,8.0,3.0,10.0,6.0
Ice Bulls,2022-05-26,4,3.0,8.0,10.0,4.0
Rolling Stones,2022-05-28,3,6.0,5.0,10.0,7.0
Montreal Lasers,2022-05-28,3,5.0,6.0,10.0,3.0
Ice Sabres,2022-05-28,75,0.0,10.0,7.0,0.0
Ice Bulls,2022-05-29,58,9.0,2.0,5.0,4.0
Calgary Fleur-de-Lys,2022-05-29,3,0.0,10.0,6.0,0.0
Calgary Cubs,2022-05-29,3,10.0,0.0,6.0,6.0
Calgary Cubs,2022-05-30,3,6.0,8.0,10.0,4.0
Curlers Terriers,2022-05-30,19,6.0,0.0,6.0,5.0
Calgary Cougars,2022-05-30,3,8.0,6.0,10.0,6.0
Broom Mets,2022-06-01,50,,,,
Calgary Bruins,2022-06-01,27,,,,
Calgary Fleur-de-Lys,2022-06-02,42,,,,
Toronto Eagles,2022-06-02,42,,,,
Stone Mariners,2022-06-03,78,,,,
Ice Bulls,2022-06-04,4,,,,
Super Salsa,2022-06-04,1,,,,
Ice Dodgers,2022-06-04,1,,,,
Ottawa Victorias,2022-06-04,4,,,,
Broom Mets,2022-06-05,14,,,,
Cold Islanders,2022-06-05,64,,,,
Ice Unicorns,2022-06-07,0,,,,
Ottawa Victorias,2022-06-07,25,,,,
Cold Islanders,2022-06-07,0,,,,
Calgary Cougars,2022-06-08,63,,,,
Toronto Penguins,2022-06-09,61,,,,
Toronto Penguins,2022-06-10,71,,,,
Montreal Vipers,2022-06-11,4,,,,
Curlers Terriers,2022-06-11,4,,,,
Ice Bulls,2022-06-12,25,,,,
Montreal Bruins,2022-06-14,76,,,,
Stone Timberwolves,2022-06-15,1,,,,
Ice Dodgers,2022-06-15,1,,,,
Vancouver Buccaneers,2022-06-15,2,,,,
Montreal Lasers,2022-06-15,2,,,,
Montreal Bruins,2022-06-16,72,,,,
Montreal Bruins,2022-06-17,46,,,,
Toronto Eagles,2022-06-19,4,,,,
Cold Islanders,2022-06-19,94,,,,
Cold Colts,2022-06-19,4,,,,
Ottawa Greys,2022-06-19,1,,,,
Ottawa Kiltys,2022-06-19,1,,,,
Ice Unicorns,2022-06-19,1,,,,
Cold Chinooks,2022-06-19,1,,,,
Toronto Eagles,2022-06-21,46,,,,
Stone Mariners,2022-06-22,54,,,,
Ottawa Victorias,2022-06-22,31,,,,
Rolling Stones,2022-06-22,3,,,,
Vancouver Buccaneers,2022-06-22,3,,,,
Calgary Metros,2022-06-24,86,,,,
Calgary Rockets,2022-06-25,21,,,,
Rolling Stones,2022-06-26,60,,,,
Calgary Cougars,2022-06-26,72,,,,
Stone Mariners,2022-06-26,90,,,,
Ottawa Victorias,2022-06-26,4,,,,
Montreal Raiders,2022-06-26,4,,,,
Montreal Bruins,2022-06-28,3,,,,
Calgary Cubs,2022-06-28,3,,,,
Ice Dodgers,2022-06-28,1,,,,
Super Salsa,2022-06-28,1,,,,
Cold Islanders,2022-06-29,4,,,,
Montreal Lasers,2022-06-29,4,,,,
Ottawa Victorias,2022-06-30,102,,,,
Cold Islanders,2022-06-30,0,,,,
Calgary Metros,2022-06-30,0,,,,
Vancouver Fury,2022-07-01,3,,,,
Cold Travelways,2022-07-01,1,,,,
Ice Huskies,2022-07-01,96,,,,
Calgary Rockets,2022-07-01,1,,,,
Calgary Cubs,2022-07-01,3,,,,
Ice Unicorns,2022-07-03,103,,,,
Montreal Raiders,2022-07-04,4,,,,
Ottawa Victorias,2022-07-04,4,,,,
Broom Mets,2022-07-06,82,,,,
Ice Huskies,2022-07-06,1,,,,
Broom Mets,2022-07-06,1,,,,
Super Salsa,2022-07-06,65,,,,
Ottawa Victorias,2022-07-08,1,,,,
Curlers Terriers,2022-07-08,45,,,,
Ice Bulls,2022-07-08,1,,,,
Toronto Rockets,2022-07-09,4,,,,
Montreal Braves,2022-07-09,4,,,,
Toronto Olympics,2022-07-09,17,,,,
Toronto Eagles,2022-07-10,3,,,,
Calgary Cubs,2022-07-10,3,,,,
Montreal Braves,2022-07-11,4,,,,
Broom Hawks,2022-07-11,4,,,,
Super Salsa,2022-07-11,54,,,,
Montreal Lasers,2022-07-12,4,,,,
Cold Chinooks,2022-07-12,4,,,,
Rolling Stones,2022-07-13,3,,,,
Calgary Metros,2022-07-13,3,,,,
Super Atlantics,2022-07-13,64,,,,
Toronto Eagles,2022-07-13,99,,,,
Curlers Terriers,2022-07-14,0,,,,
Toronto Rockets,2022-07-14,0,,,,
Ice Dodgers,2022-07-16,32,,,,
Toronto Penguins,2022-07-17,0,,,,
Vancouver Islanders,2022-07-17,0,,,,
Vancouver Buccaneers,2022-07-18,34,,,,
Cold Huskies,2022-07-18,37,,,,
Rolling Stones,2022-07-19,3,,,,
Calgary Cubs,2022-07-19,2,,,,
Vancouver Fury,2022-07-19,2,,,,
Super Atlantics,2022-07-19,3,,,,
Ice Huskies,2022-07-20,3,,,,
Super Lords,2022-07-20,2,,,,
Ottawa Kiltys,2022-07-20,3,,,,
Curlers Terriers,2022-07-20,2,,,,
Toronto Penguins,2022-07-20,92,,,,
Vancouver Fury,2022-07-21,31,,,,
Toronto Rockets,2022-07-23,45,,,,
Toronto Eagles,2022-07-23,58,,,,
Vancouver Fury,2022-07-24,2,,,,
Toronto Eagles,2022-07-24,2,,,,
Ice Unicorns,2022-07-25,60,,,,
Ice Cougars,2022-07-27,97,,,,
Broom Mets,2022-07-29,54,,,,
Toronto Eagles,2022-07-30,4,,,,
Cold Colts,2022-07-30,4,,,,
Calgary Rockets,2022-08-01,1,,,,
Ottawa Victorias,2022-08-01,1,,,,
Broom Hawks,2022-08-02,79,,,,
Calgary Cougars,2022-08-03,4,,,,
Stone Mariners,2022-08-03,8,,,,
Montreal Bruins,2022-08-03,4,,,,
Calgary Bruins,2022-08-04,95,,,,
Vancouver Islanders,2022-08-04,28,,,,
Stone Mariners,2022-08-04,3,,,,
Ottawa Kiltys,2022-08-04,1,,,,
Toronto Olympics,2022-08-04,1,,,,
Broom Mets,2022-08-04,3,,,,
Cold Chinooks,2022-08-05,94,,,,
Cold Islanders,2022-08-06,91,,,,
Broom Mets,2022-08-06,14,,,,
Ottawa Victorias,2022-08-07,10,,,,
Montreal Raiders,2022-08-09,2,,,,
Vancouver Fury,2022-08-09,2,,,,
Cold Islanders,2022-08-10,53,,,,
Super Atlantics,2022-08-10,41,,,,
Calgary Metros,2022-08-11,34,,,,
Stone Mariners,2022-08-11,50,,,,
Montreal Bruins,2022-08-11,4,,,,
Toronto Eagles,2022-08-11,4,,,,
Toronto Penguins,2022-08-12,80,,,,
Stone Timberwolves,2022-08-13,32,,,,
Ice Huskies,2022-08-14,32,,,,
Super Lords,2022-08-14,11,,,,
Vancouver Fury,2022-08-16,4,,,,
Toronto Rockets,2022-08-16,2,,,,
Broom Hawks,2022-08-16,2,,,,
Rolling Stones,2022-08-16,62,,,,
Montreal Raiders,2022-08-16,4,,,,
Ice Dodgers,2022-08-18,17,,,,
Broom Hawks,2022-08-18,22,,,,
Super Atlantics,2022-08-20,60,,,,
Super Salsa,2022-08-20,89,,,,
Calgary Metros,2022-08-20,68,,,,
Toronto Eagles,2022-08-21,63,,,,
Ice Huskies,2022-08-21,26,,,,
Super Atlantics,2022-08-21,62,,,,
Stone Mariners,2022-08-21,50,,,,
Ice Sabres,2022-08-23,73,,,,
Super Salsa,2022-08-23,50,,,,
Montreal Bruins,2022-08-24,84,,,,
Ice Bulls,2022-08-25,4,,,,
Vancouver Fury,2022-08-25,4,,,,
Toronto Olympics,2022-08-28,14,,,,
Vancouver Buccaneers,2022-08-31,86,,,,
Toronto Olympics,2022-08-31,89,,,,
Toronto Eagles,2022-09-01,0,,,,
Calgary Rockets,2022-09-01,0,,,,
Ottawa Victorias,2022-09-05,46,,,,
Calgary Cougars,2022-09-07,84,,,,
Calgary Rockets,2022-09-08,63,,,,
Stone Mariners,2022-09-08,3,,,,
Ottawa Kiltys,2022-09-08,3,,,,
Montreal Raiders,2022-09-10,102,,,,
Ice Dodgers,2022-09-11,32,,,,
Super Lords,2022-09-13,19,,,,
Cold Travelways,2022-09-13,69,,,,
Vancouver Islanders,2022-09-14,30,,,,
Baby Broomers,2022-09-14,68,,,,
Stone Timberwolves,2022-09-14,24,,,,
Baby Broomers,2022-09-15,41,,,,
Ottawa Kiltys,2022-09-15,74,,,,
Curlers Terriers,2022-09-16,2,,,,
Super Lords,2022-09-16,2,,,,
Stone Mariners,2022-09-18,3,,,,
Baby Broomers,2022-09-18,83,,,,
Game of Stones,2022-09-18,40,,,,
Ice Dodgers,2022-09-18,3,,,,
Super Atlantics,2022-09-20,103,,,,
Vancouver Islanders,2022-09-20,0,,,,
Ice Unicorns,2022-09-20,4,,,,
Vancouver Buccaneers,2022-09-20,4,,,,
Toronto Penguins,2022-09-20,0,,,,
Vancouver Buccaneers,2022-09-21,94,,,,
Calgary Fleur-de-Lys,2022-09-22,3,,,,
Cold Chinooks,2022-09-22,1,,,,
Calgary Rockets,2022-09-22,3,,,,
Ice Unicorns,2022-09-22,1,,,,
Montreal Bruins,2022-09-23,4,,,,
Game of Stones,2022-09-23,2,,,,
Calgary Cougars,2022-09-23,4,,,,
Curlers Terriers,2022-09-23,22,,,,
Vancouver Islanders,2022-09-23,2,,,,
Montreal Vipers,2022-09-24,4,,,,
Ice Unicorns,2022-09-24,62,,,,
Toronto Penguins,2022-09-24,92,,,,
Ice Dodgers,2022-09-24,1,,,,
Ottawa Kiltys,2022-09-24,1,,,,
Toronto Rockets,2022-09-24,4,,,,
Game of Stones,2022-09-25,1,,,,
Ice Cougars,2022-09-25,1,,,,
Stone Mariners,2022-09-26,50,,,,
Super Atlantics,2022-09-26,23,,,,
Super Lords,2022-09-27,98,,,,
Curlers Terriers,2022-09-28,4,,,,
Montreal Vipers,2022-09-28,4,,,,
Ice Sabres,2022-09-29,37,,,,
Cold Colts,2022-09-29,1,,,,
Montreal Bruins,2022-09-29,42,,,,
Ottawa Victorias,2022-09-29,1,,,,
Rolling Stones,2022-09-30,86,,,,
Ice Huskies,2022-10-01,44,,,,
Super Salsa,2022-10-03,44,,,,
Vancouver Fury,2022-10-03,10,,,,
Vancouver Fury,2022-10-05,3,,,,
Calgary Cougars,2022-10-05,3,,,,
Broom Mets,2022-10-05,4,,,,
Super Salsa,2022-10-05,4,,,,
Montreal Braves,2022-10-06,56,,,,
Ice Unicorns,2022-10-09,34,,,,
Montreal Bruins,2022-10-13,58,,,,
Montreal Lasers,2022-10-14,4,,,,
Calgary Rockets,2022-10-14,4,,,,
Ice Bulls,2022-10-14,4,,,,
Cold Huskies,2022-10-14,73,,,,
Baby Broomers,2022-10-14,4,,,,
Ottawa Kiltys,2022-10-17,8,,,,
Ottawa Kiltys,2022-10-17,65,,,,
Broom Mets,2022-10-18,85,,,,
Calgary Rockets,2022-10-20,3,,,,
Calgary Fleur-de-Lys,2022-10-20,3,,,,
Calgary Cubs,2022-10-21,3,,,,
Cold Colts,2022-10-21,3,,,,
Calgary Cougars,2022-10-23,10,,,,
Ice Unicorns,2022-10-24,36,,,,
Ice Dodgers,2022-10-25,1,,,,
Toronto Olympics,2022-10-25,1,,,,
Calgary Metros,2022-10-26,3,,,,
Rolling Stones,2022-10-26,3,,,,
Calgary Rockets,2022-10-26,72,,,,
Calgary Fleur-de-Lys,2022-10-27,1,,,,
Cold Travelways,2022-10-27,1,,,,
Calgary Metros,2022-10-27,87,,,,
Ice Huskies,2022-10-28,90,,,,
Super Lords,2022-10-29,22,,,,
Calgary Cougars,2022-10-31,3,,,,
Calgary Fleur-de-Lys,2022-10-31,3,,,,
Super Atlantics,2022-10-31,18,,,,
Calgary Fleur-de-Lys,2022-10-31,42,,,,
Calgary Cubs,2022-11-01,31,,,,
Baby Broomers,2022-11-01,36,,,,
Super Lords,2022-11-01,2,,,,
Broom Mets,2022-11-01,24,,,,
Toronto Rockets,2022-11-01,2,,,,
Broom Hawks,2022-11-02,101,,,,
Vancouver Islanders,2022-11-04,28,,,,
Broom Mets,2022-11-04,32,,,,
Vancouver Fury,2022-11-05,2,,,,
Montreal Raiders,2022-11-05,2,,,,
Ice Cougars,2022-11-06,20,,,,
Vancouver Buccaneers,2022-11-06,2,,,,
Calgary Metros,2022-11-06,2,,,,
Toronto Olympics,2022-11-08,7,,,,
Ottawa Kiltys,2022-11-08,6,,,,
Rolling Stones,2022-11-11,36,,,,
Toronto Rockets,2022-11-11,101,,,,
Montreal Raiders,2022-11-11,84,,,,
Toronto Rockets,2022-11-12,19,,,,
Curlers Terriers,2022-11-14,4,,,,
Montreal Vipers,2022-11-14,4,,,,
Toronto Olympics,2022-11-15,78,,,,
Vancouver Fury,2022-11-15,31,,,,
Calgary Fleur-de-Lys,2022-11-16,3,,,,
Ice Huskies,2022-11-16,2,,,,
Vancouver Fury,2022-11-16,3,,,,
Stone Timberwolves,2022-11-16,2,,,,
Ice Cougars,2022-11-17,97,,,,
Stone Mariners,2022-11-18,1,,,,
Ice Dodgers,2022-11-18,1,,,,
Calgary Fleur-de-Lys,2022-11-20,25,,,,
Cold Chinooks,2022-11-21,60,,,,
Vancouver Buccaneers,2022-11-21,86,,,,
Broom Mets,2022-11-22,38,,,,
Ice Cougars,2022-11-23,0,,,,
Game of Stones,2022-11-23,0,,,,
Curlers Terriers,2022-11-23,67,,,,
Super Salsa,2022-11-24,89,,,,
Cold Chinooks,2022-11-25,3,,,,
Calgary Metros,2022-11-25,3,,,,
Ice Bulls,2022-11-27,2,,,,
Vancouver Fury,2022-11-27,2,,,,
Toronto Eagles,2022-11-27,1,,,,
Ottawa Victorias,2022-11-27,1,,,,
Super Lords,2022-11-28,5,,,,
Baby Broomers,2022-11-28,53,,,,
Cold Colts,2022-11-28,69,,,,
Montreal Bruins,2022-11-29,42,,,,
Ice Cougars,2022-12-01,47,,,,
Ice Dodgers,2022-12-01,44,,,,
Cold Chinooks,2022-12-01,1,,,,
Vancouver Buccaneers,2022-12-01,1,,,,
Montreal Bruins,2022-12-02,4,,,,
Calgary Fleur-de-Lys,2022-12-02,4,,,,
Super Salsa,2022-12-04,50,,,,
Toronto Penguins,2022-12-04,48,,,,
Rolling Stones,2022-12-05,64,,,,
Cold Islanders,2022-12-06,60,,,,
Montreal Vipers,2022-12-06,2,,,,
Cold Colts,2022-12-06,69,,,,
Ice Huskies,2022-12-06,65,,,,
Curlers Terriers,2022-12-06,2,,,,
Ottawa Greys,2022-12-07,82,,,,
Stone Timberwolves,2022-12-07,7,,,,
Ice Dodgers,2022-12-08,1,,,,
Ice Huskies,2022-12-08,1,,,,
Ice Bulls,2022-12-09,4,,,,
Broom Mets,2022-12-09,26,,,,
Toronto Eagles,2022-12-09,4,,,,
Stone Mariners,2022-12-11,50,,,,
Toronto Olympics,2022-12-13,44,,,,
Super Lords,2022-12-13,101,,,,
Vancouver Fury,2022-12-13,2,,,,
Toronto Eagles,2022-12-13,2,,,,
Cold Islanders,2022-12-14,36,,,,
Calgary Fleur-de-Lys,2022-12-15,3,,,,
Ice Dodgers,2022-12-15,1,,,,
Calgary Fleur-de-Lys,2022-12-15,99,,,,
Calgary Cougars,2022-12-15,3,,,,
Stone Mariners,2022-12-15,1,,,,
Cold Chinooks,2022-12-15,23,,,,
Ice Cougars,2022-12-16,12,,,,
Super Atlantics,2022-12-16,36,,,,
Toronto Rockets,2022-12-17,22,,,,
Ottawa Kiltys,2022-12-17,1,,,,
Broom Mets,2022-12-17,1,,,,
Ottawa Victorias,2022-12-20,31,,,,
Montreal Bruins,2022-12-21,69,,,,
Broom Mets,2022-12-21,7,,,,
Montreal Lasers,2022-12-21,86,,,,
Vancouver Fury,2022-12-22,2,,,,
Broom Hawks,2022-12-22,101,,,,
Calgary Rockets,2022-12-22,2,,,,
Toronto Olympics,2022-12-23,78,,,,
Cold Islanders,2022-12-24,0,,,,
Rolling Stones,2022-12-24,0,,,,
Rolling Stones,2022-12-24,23,,,,
Baby Broomers,2022-12-25,4,,,,
Super Atlantics,2022-12-25,4,,,,
Calgary Bruins,2022-12-26,81,,,,
Stone Mariners,2022-12-27,1,,,,
Ice Dodgers,2022-12-27,1,,,,
Ottawa Victorias,2022-12-28,21,,,,
Toronto Eagles,2022-12-30,1,,,,
Broom Mets,2022-12-30,1,,,,
Ice Huskies,2022-12-30,77,,,,
Cold Travelways,2022-12-30,1,,,,
Stone Mariners,2022-12-30,1,,,,
Stone Mariners,2022-12-31,1,,,,
Ottawa Greys,2022-12-31,1,,,,
Super Salsa,2023-01-01,57,,,,
Super Atlantics,2023-01-02,83,,,,
Montreal Raiders,2023-01-02,4,,,,
Vancouver Fury,2023-01-02,4,,,,
Ice Unicorns,2023-01-03,43,,,,
Ottawa Victorias,2023-01-03,84,,,,
Calgary Metros,2023-01-06,4,,,,
Ice Unicorns,2023-01-06,4,,,,
Cold Islanders,2023-01-07,3,,,,
Toronto Olympics,2023-01-07,77,,,,
Ice Dodgers,2023-01-07,54,,,,
Rolling Stones,2023-01-07,3,,,,
Montreal Bruins,2023-01-09,2,,,,
Vancouver Fury,2023-01-09,2,,,,
Toronto Eagles,2023-01-10,102,,,,
Super Lords,2023-01-11,56,,,,
Calgary Fleur-de-Lys,2023-01-12,3,,,,
Calgary Cougars,2023-01-12,3,,,,
Calgary Cougars,2023-01-14,76,,,,
Game of Stones,2023-01-14,30,,,,
Broom Hawks,2023-01-17,2,,,,
Cold Chinooks,2023-01-17,23,,,,
Toronto Rockets,2023-01-17,2,,,,
Cold Islanders,2023-01-18,60,,,,
Broom Hawks,2023-01-19,2,,,,
Super Lords,2023-01-19,2,,,,
Vancouver Fury,2023-01-21,4,,,,
Curlers Terriers,2023-01-21,0,,,,
Montreal Bruins,2023-01-21,4,,,,
Toronto Rockets,2023-01-21,0,,,,
Calgary Cubs,2023-01-21,1,,,,
Cold Travelways,2023-01-21,1,,,,
Calgary Fleur-de-Lys,2023-01-22,0,,,,
Rolling Stones,2023-01-22,53,,,,
Stone Timberwolves,2023-01-22,54,,,,
Toronto Eagles,2023-01-22,0,,,,
Toronto Rockets,2023-01-23,5,,,,
Broom Hawks,2023-01-23,11,,,,
Calgary Cougars,2023-01-24,31,,,,
Baby Broomers,2023-01-24,66,,,,
Calgary Cubs,2023-01-25,25,,,,
Vancouver Fury,2023-01-25,58,,,,
Ottawa Victorias,2023-01-26,58,,,,
Super Salsa,2023-01-27,3,,,,
Ice Huskies,2023-01-27,3,,,,
Ice Cougars,2023-01-28,20,,,,
Super Salsa,2023-01-28,26,,,,
Ice Huskies,2023-01-29,38,,,,
Montreal Vipers,2023-01-29,88,,,,
Calgary Cubs,2023-01-29,3,,,,
Rolling Stones,2023-01-29,103,,,,
Ottawa Victorias,2023-01-29,3,,,,
Super Atlantics,2023-01-30,18,,,,
Ottawa Victorias,2023-01-30,2,,,,
Vancouver Fury,2023-01-30,2,,,,
Ice Dodgers,2023-01-30,57,,,,
Calgary Fleur-de-Lys,2023-01-31,1,,,,
Ice Sabres,2023-01-31,70,,,,
Ottawa Victorias,2023-01-31,1,,,,
Calgary Cougars,2023-01-31,69,,,,
Montreal Braves,2023-02-01,11,,,,
Toronto Eagles,2023-02-03,72,,,,
Broom Hawks,2023-02-04,2,,,,
Montreal Braves,2023-02-04,2,,,,
Ice Unicorns,2023-02-04,4,,,,
Super Atlantics,2023-02-04,4,,,,
Curlers Terriers,2023-02-06,19,,,,
Baby Broomers,2023-02-09,87,,,,
Baby Broomers,2023-02-09,66,,,,
Montreal Braves,2023-02-10,4,,,,
Broom Hawks,2023-02-10,4,,,,
Ice Unicorns,2023-02-12,86,,,,
Cold Travelways,2023-02-12,4,,,,
Ice Bulls,2023-02-12,4,,,,
Toronto Rockets,2023-02-13,2,,,,
Ice Sabres,2023-02-13,33,,,,
Super Lords,2023-02-13,2,,,,
Cold Chinooks,2023-02-13,18,,,,
Montreal Braves,2023-02-13,19,,,,
Super Atlantics,2023-02-15,41,,,,
Stone Mariners,2023-02-15,96,,,,
Montreal Bruins,2023-02-15,58,,,,
Ice Dodgers,2023-02-16,17,,,,
Montreal Raiders,2023-02-18,1,,,,
Cold Colts,2023-02-18,4,,,,
Baby Broomers,2023-02-18,103,,,,
Montreal Raiders,2023-02-18,4,,,,
Ottawa Victorias,2023-02-18,1,,,,
Calgary Cougars,2023-02-19,46,,,,
Super Salsa,2023-02-19,3,,,,
Ice Huskies,2023-02-19,3,,,,
Curlers Terriers,2023-02-21,22,,,,
Ice Huskies,2023-02-22,77,,,,
Toronto Olympics,2023-02-22,7,,,,
Super Lords,2023-02-22,59,,,,
Stone Mariners,2023-02-23,96,,,,
Stone Timberwolves,2023-02-24,2,,,,
Cold Chinooks,2023-02-24,64,,,,
Broom Mets,2023-02-24,2,,,,
Vancouver Islanders,2023-03-01,12,,,,
Stone Mariners,2023-03-01,3,,,,
Super Salsa,2023-03-01,3,,,,
Cold Huskies,2023-03-01,75,,,,
Montreal Braves,2023-03-02,79,,,,
Curlers Terriers,2023-03-02,2,,,,
Super Lords,2023-03-02,2,,,,
Ice Huskies,2023-03-03,17,,,,
Baby Broomers,2023-03-03,94,,,,
Calgary Cubs,2023-03-06,3,,,,
Calgary Rockets,2023-03-06,3,,,,
Super Atlantics,2023-03-07,34,,,,
Super Atlantics,2023-03-07,64,,,,
Toronto Eagles,2023-03-07,2,,,,
Vancouver Fury,2023-03-07,2,,,,
Cold Colts,2023-03-08,72,,,,
Cold Colts,2023-03-10,4,,,,
Montreal Raiders,2023-03-10,4,,,,
Cold Colts,2023-03-11,4,,,,
Calgary Cougars,2023-03-11,4,,,,
Cold Chinooks,2023-03-12,1,,,,
Montreal Bruins,2023-03-12,4,,,,
Vancouver Fury,2023-03-12,4,,,,
Baby Broomers,2023-03-12,1,,,,
Super Lords,2023-03-13,19,,,,
Ottawa Victorias,2023-03-15,10,,,,
Cold Islanders,2023-03-15,36,,,,
Cold Chinooks,2023-03-16,53,,,,
Montreal Raiders,2023-03-16,4,,,,
Toronto Rockets,2023-03-16,0,,,,
Ottawa Victorias,2023-03-16,1,,,,
Ice Dodgers,2023-03-16,38,,,,
Super Lords,2023-03-16,0,,,,
Calgary Cougars,2023-03-16,4,,,,
Vancouver Fury,2023-03-16,1,,,,
Toronto Penguins,2023-03-18,47,,,,
Toronto Olympics,2023-03-19,14,,,,
Vancouver Islanders,2023-03-19,51,,,,
Toronto Eagles,2023-03-21,0,,,,
Cold Colts,2023-03-21,0,,,,
Broom Mets,2023-03-21,44,,,,
Vancouver Buccaneers,2023-03-22,94,,,,
Toronto Rockets,2023-03-23,88,,,,
Cold Travelways,2023-03-23,21,,,,
Broom Hawks,2023-03-24,67,,,,
Ice Cougars,2023-03-25,48,,,,
Toronto Olympics,2023-03-25,1,,,,
Ottawa Kiltys,2023-03-25,1,,,,
Vancouver Fury,2023-03-26,1,,,,
Super Lords,2023-03-26,101,,,,
Ottawa Victorias,2023-03-26,1,,,,
Cold Huskies,2023-03-30,55,,,,
Toronto Rockets,2023-03-30,101,,,,
Baby Broomers,2023-04-01,23,,,,
Toronto Penguins,2023-04-01,71,,,,
Game of Stones,2023-04-01,20,,,,
Calgary Cougars,2023-04-02,3,,,,
Ice Unicorns,2023-04-02,36,,,,
Calgary Cubs,2023-04-02,3,,,,
Super Salsa,2023-04-02,82,,,,
Ottawa Greys,2023-04-02,77,,,,
Calgary Cubs,2023-04-04,4,,,,
Montreal Bruins,2023-04-04,4,,,,
Curlers Terriers,2023-04-04,2,,,,
Montreal Braves,2023-04-04,2,,,,
Toronto Penguins,2023-04-05,15,,,,
Cold Islanders,2023-04-06,0,,,,
Baby Broomers,2023-04-06,0,,,,
Calgary Cubs,2023-04-07,4,,,,
Cold Colts,2023-04-07,4,,,,
Baby Broomers,2023-04-07,34,,,,
Super Lords,2023-04-11,2,,,,
Calgary Rockets,2023-04-11,21,,,,
Ice Dodgers,2023-04-11,17,,,,
Ottawa Kiltys,2023-04-11,24,,,,
Broom Hawks,2023-04-11,2,,,,
Ice Huskies,2023-04-12,1,,,,
Ottawa Greys,2023-04-12,1,,,,
Calgary Cougars,2023-04-13,84,,,,
Cold Islanders,2023-04-13,52,,,,
Calgary Fleur-de-Lys,2023-04-14,3,,,,
Calgary Cubs,2023-04-14,3,,,,
Toronto Penguins,2023-04-15,71,,,,
Calgary Rockets,2023-04-15,76,,,,
Cold Travelways,2023-04-17,1,,,,
Ice Bulls,2023-04-17,1,,,,
Ice Cougars,2023-04-19,15,,,,
Super Salsa,2023-04-19,85,,,,
Baby Broomers,2023-04-19,43,,,,
Calgary Fleur-de-Lys,2023-04-19,3,,,,
Vancouver Fury,2023-04-19,3,,,,
Ottawa Greys,2023-04-20,74,,,,
Vancouver Fury,2023-04-20,2,,,,
Ottawa Victorias,2023-04-20,2,,,,
Cold Colts,2023-04-21,10,,,,
Toronto Rockets,2023-04-22,0,,,,
Montreal Vipers,2023-04-22,0,,,,
Toronto Olympics,2023-04-23,49,,,,
Super Lords,2023-04-23,101,,,,
Calgary Metros,2023-04-23,68,,,,
Ottawa Kiltys,2023-04-24,82,,,,
Vancouver Fury,2023-04-26,35,,,,
Montreal Bruins,2023-04-27,84,,,,
Ice Huskies,2023-04-27,17,,,,
Calgary Cougars,2023-04-28,10,,,,
Montreal Lasers,2023-04-29,53,,,,
Toronto Penguins,2023-04-30,12,,,,
Calgary Fleur-de-Lys,2023-04-30,1,,,,
Ottawa Victorias,2023-04-30,1,,,,
Calgary Fleur-de-Lys,2023-05-01,99,,,,
Ottawa Victorias,2023-05-01,4,,,,
Ice Bulls,2023-05-01,4,,,,
Ice Cougars,2023-05-03,15,,,,
Game of Stones,2023-05-04,51,,,,
Calgary Fleur-de-Lys,2023-05-05,1,,,,
Cold Travelways,2023-05-05,1,,,,
Montreal Braves,2023-05-06,4,,,,
Calgary Bruins,2023-05-06,73,,,,
Broom Hawks,2023-05-06,4,,,,
Toronto Eagles,2023-05-07,25,,,,
Ottawa Kiltys,2023-05-08,8,,,,
Curlers Terriers,2023-05-09,11,,,,
Calgary Metros,2023-05-10,43,,,,
Calgary Cubs,2023-05-10,35,,,,
Broom Mets,2023-05-11,85,,,,
Super Lords,2023-05-12,4,,,,
Montreal Vipers,2023-05-12,4,,,,
Ice Cougars,2023-05-12,71,,,,
Toronto Rockets,2023-05-12,19,,,,
Ice Dodgers,2023-05-12,85,,,,
Calgary Cougars,2023-05-13,3,,,,
Ottawa Kiltys,2023-05-13,32,,,,
Vancouver Buccaneers,2023-05-13,23,,,,
Curlers Terriers,2023-05-13,79,,,,
Calgary Fleur-de-Lys,2023-05-13,3,,,,
Cold Islanders,2023-05-14,0,,,,
Ice Unicorns,2023-05-14,0,,,,
Toronto Rockets,2023-05-18,2,,,,
Super Lords,2023-05-18,2,,,,
Baby Broomers,2023-05-21,91,,,,
Toronto Penguins,2023-05-22,61,,,,
Cold Travelways,2023-05-22,1,,,,
Calgary Fleur-de-Lys,2023-05-22,1,,,,
Super Salsa,2023-05-22,89,,,,
Toronto Olympics,2023-05-23,1,,,,
Ice Dodgers,2023-05-23,1,,,,
Ottawa Kiltys,2023-05-24,57,,,,
Ice Cougars,2023-05-24,51,,,,
Calgary Fleur-de-Lys,2023-05-24,3,,,,
Vancouver Fury,2023-05-24,3,,,,
Super Atlantics,2023-05-25,4,,,,
Ice Unicorns,2023-05-25,4,,,,
Ice Huskies,2023-05-25,17,,,,
Ottawa Kiltys,2023-05-26,3,,,,
Ice Huskies,2023-05-26,3,,,,
Cold Islanders,2023-05-27,68,,,,
Calgary Fleur-de-Lys,2023-05-28,3,,,,
Vancouver Fury,2023-05-28,3,,,,
Ice Huskies,2023-05-29,65,,,,
Ottawa Kiltys,2023-05-30,0,,,,
Toronto Penguins,2023-05-30,16,,,,
Calgary Metros,2023-05-30,18,,,,
Toronto Olympics,2023-05-30,0,,,,
Ottawa Victorias,2023-05-30,42,,,,
