team_name,date,address_id,opponent_name,team_score,opponent_score,number_of_ends,number_of_ends_won,lead,second,vice,skip
Toronto Rockets,2021-11-12,98,Aurora Canadians,2,13,9,1,388,424,35,338
Toronto Rockets,2022-01-06,22,Ste. Agathe Flyers,1,8,10,1,388,338,35,424
Toronto Rockets,2021-09-10,2,Broom Hawks,0,6,5,0,388,338,361,35
Broom Hawks,2021-09-10,2,Toronto Rockets,6,0,5,5,333,311,264,242
Toronto Rockets,2021-12-28,79,Pembroke Lumber Bears,2,13,8,1,424,35,388,338
Toronto Rockets,2022-02-13,11,Penticton Chiefs,10,7,11,5,338,424,388,473
Toronto Rockets,2021-12-07,98,Aurora Canadians,0,6,5,0,388,338,424,35
Toronto Rockets,2022-05-15,67,Edmonton Maple Predators,0,6,6,0,388,519,424,35
Toronto Rockets,2022-01-19,22,Ste. Agathe Flyers,0,7,5,0,388,35,338,424
Toronto Rockets,2021-09-07,101,Cape Breton Spartans,1,6,10,1,388,361,338,35
Toronto Rockets,2022-04-13,59,Thunder Bay Patriots,2,9,8,1,424,35,480,473
Toronto Rockets,2022-02-05,22,Ste. Agathe Flyers,0,10,5,0,338,424,35,388
Toronto Rockets,2022-02-14,98,Aurora Canadians,2,5,10,2,388,338,473,424
Toronto Rockets,2021-09-12,2,Broom Hawks,1,7,5,1,361,338,388,35
Broom Hawks,2021-09-12,2,Toronto Rockets,7,1,5,4,264,311,65,242
Toronto Rockets,2021-12-14,67,Edmonton Maple Predators,0,9,9,0,338,35,388,424
Toronto Rockets,2021-11-22,56,Thetford Mines Blizzard,3,10,10,2,424,388,338,35
Toronto Rockets,2022-02-18,2,Broom Hawks,2,8,8,2,338,473,388,424
Broom Hawks,2022-02-18,2,Toronto Rockets,8,2,8,6,397,311,65,242
Toronto Rockets,2021-09-10,4,Montreal Braves,3,5,10,2,35,361,388,338
Montreal Braves,2021-09-10,4,Toronto Rockets,5,3,10,8,304,194,152,92
Toronto Rockets,2021-09-09,19,Rosemont Bears,3,10,6,2,361,338,388,35
Toronto Rockets,2022-01-23,19,Rosemont Bears,7,6,11,5,424,388,338,35
Toronto Rockets,2021-12-29,2,Broom Hawks,3,8,10,2,424,35,388,338
Broom Hawks,2021-12-29,2,Toronto Rockets,8,3,10,8,264,333,436,397
Toronto Rockets,2021-09-13,101,Cape Breton Spartans,3,9,7,2,361,338,388,35
Toronto Rockets,2022-03-21,4,Montreal Vipers,0,12,6,0,480,424,35,388
Montreal Vipers,2022-03-21,4,Toronto Rockets,12,0,6,6,427,263,29,491
Toronto Rockets,2022-05-13,5,Port Hope Islanders,7,9,10,4,388,338,424,473
Toronto Rockets,2021-08-29,45,Prince Albert Marrs,6,5,10,6,35,388,338,361
Toronto Olympics,2022-01-25,82,Oswego Cougars,8,0,6,4,428,180,433,317
Toronto Olympics,2022-03-17,1,Broom Mets,6,3,10,4,428,433,91,180
Broom Mets,2022-03-17,1,Toronto Olympics,3,6,10,6,188,173,370,178
Toronto Olympics,2022-05-15,49,North Sydney Spitfires,7,3,10,5,428,180,317,529
Toronto Olympics,2022-03-02,50,Ajax Sports,9,2,8,6,91,180,477,433
Toronto Olympics,2021-12-04,57,New Waterford Pack,8,5,10,6,180,433,317,91
Toronto Olympics,2022-01-24,50,Ajax Sports,10,3,9,5,428,433,317,180
Toronto Olympics,2022-02-16,49,North Sydney Spitfires,8,0,5,4,428,180,433,477
Toronto Olympics,2022-03-09,2,Stone Timberwolves,3,10,8,2,477,91,180,433
Stone Timberwolves,2022-03-09,2,Toronto Olympics,10,3,8,6,454,50,198,60
Toronto Olympics,2022-03-24,3,Stone Mariners,9,1,8,6,477,428,482,433
Stone Mariners,2022-03-24,3,Toronto Olympics,1,9,8,2,277,440,478,157
Toronto Olympics,2022-05-11,38,Espanola Screaming Crystals,9,0,5,4,433,317,180,529
Toronto Olympics,2021-12-10,38,Espanola Screaming Crystals,8,4,10,4,433,91,180,428
Toronto Olympics,2022-01-30,44,Thunder Bay Panthers,6,0,6,5,180,317,428,433
Toronto Olympics,2022-02-28,90,Langley Hawks,9,0,8,5,180,428,482,477
Toronto Olympics,2022-03-17,74,Port-aux-Basques Buccaneers,6,0,5,5,433,180,428,477
Toronto Olympics,2022-03-07,14,Battleford Greys,9,3,7,4,180,91,477,428
Toronto Olympics,2022-04-18,24,Sidney Terriers,7,0,7,5,482,477,433,317
Toronto Olympics,2022-01-27,6,Cape Breton Lumberjacks,8,4,10,5,428,91,317,433
Toronto Olympics,2022-04-30,1,Ottawa Greys,2,7,10,2,482,317,428,433
Ottawa Greys,2022-04-30,1,Toronto Olympics,7,2,10,8,176,95,392,365
Toronto Olympics,2022-01-21,14,Battleford Greys,9,12,10,3,317,433,180,91
Toronto Olympics,2022-05-29,96,Vernon Bears,11,4,9,4,477,433,482,428
Toronto Olympics,2022-04-18,74,Port-aux-Basques Buccaneers,8,4,10,6,477,91,317,180
Toronto Olympics,2022-04-19,90,Langley Hawks,7,3,10,4,433,428,477,482
Cold Islanders,2020-08-20,83,North York Capitals,6,10,10,3,102,121,215,147
Cold Islanders,2021-01-22,36,Thunder Bay Eaters,8,1,10,5,121,102,241,147
Cold Islanders,2021-12-30,4,Baby Broomers,5,2,10,4,121,291,147,379
Baby Broomers,2021-12-30,4,Cold Islanders,2,5,10,6,307,20,68,372
Cold Islanders,2022-03-28,2,Super Atlantics,8,5,10,5,379,291,147,241
Super Atlantics,2022-03-28,2,Cold Islanders,5,8,10,5,69,380,78,296
Cold Islanders,2021-05-10,94,Aurora Chiefs,6,0,7,6,291,102,215,241
Cold Islanders,2021-07-14,66,Vancouver Flyers,7,5,10,4,215,102,121,241
Cold Islanders,2020-10-19,86,Cape Breton Rustlers,11,4,10,5,102,215,241,121
Cold Islanders,2021-10-11,4,Ice Unicorns,4,9,10,3,241,215,121,291
Ice Unicorns,2021-10-11,4,Cold Islanders,9,4,10,7,376,299,401,85
Cold Islanders,2022-05-13,53,Toronto 73's,7,5,10,4,241,147,121,291
Cold Islanders,2021-11-11,53,Toronto 73's,5,6,10,3,121,215,291,147
Cold Islanders,2022-04-24,41,Dartmouth Crunch,6,0,5,4,215,147,241,291
Cold Islanders,2020-12-14,52,Ottawa Crunch,7,0,5,4,215,102,121,147
Cold Islanders,2022-03-25,60,Villanova Terriers,8,3,10,3,379,241,121,291
Cold Islanders,2022-04-04,1,Cold Chinooks,7,0,5,5,147,291,379,215
Cold Chinooks,2022-04-04,1,Cold Islanders,0,7,5,0,151,353,144,111
Cold Islanders,2021-05-11,41,Dartmouth Crunch,7,0,7,4,121,291,241,147
Cold Islanders,2020-10-14,66,Vancouver Flyers,8,5,10,7,241,147,102,121
Cold Islanders,2020-07-26,60,Villanova Terriers,6,0,6,4,147,215,121,102
Cold Islanders,2022-04-12,18,Mississauga Cougars,6,0,5,4,215,379,241,147
Cold Islanders,2021-11-19,4,Montreal Lasers,4,7,10,2,379,241,102,291
Montreal Lasers,2021-11-19,4,Cold Islanders,7,4,10,8,166,14,414,254
Cold Islanders,2021-03-01,91,La Salle Eagles,8,2,7,5,215,241,147,291
Cold Islanders,2020-08-26,66,Vancouver Flyers,8,2,9,5,102,147,241,121
Cold Islanders,2022-01-04,62,Hamilton Tigers,4,6,10,3,379,147,291,121
Cold Islanders,2021-02-21,60,Villanova Terriers,10,6,10,5,147,291,121,241
Cold Islanders,2021-01-28,4,Montreal Lasers,6,7,10,4,121,147,102,215
Montreal Lasers,2021-01-28,4,Cold Islanders,7,6,10,6,254,191,136,114
Cold Islanders,2021-10-12,1,Cold Chinooks,7,1,6,5,379,291,241,121
Cold Chinooks,2021-10-12,1,Cold Islanders,1,7,6,1,151,400,127,111
Cold Islanders,2021-08-04,4,Baby Broomers,7,0,7,4,215,102,241,147
Baby Broomers,2021-08-04,4,Cold Islanders,0,7,7,3,20,307,68,372
Cold Islanders,2020-09-05,53,Toronto 73's,4,9,10,2,121,241,215,147
Cold Islanders,2020-11-30,60,Villanova Terriers,7,3,10,5,241,147,102,215
Cold Islanders,2021-03-30,86,Cape Breton Rustlers,5,1,10,5,215,241,291,102
Cold Islanders,2020-10-16,41,Dartmouth Crunch,6,7,10,4,241,215,121,147
Cold Islanders,2022-05-20,4,Baby Broomers,6,4,10,5,379,291,215,147
Baby Broomers,2022-05-20,4,Cold Islanders,4,6,10,5,470,505,20,372
Cold Islanders,2020-11-04,34,Markham Rebels,8,0,5,4,215,102,121,147
Cold Islanders,2021-05-15,53,Toronto 73's,1,7,8,1,147,215,121,291
Cold Islanders,2020-08-24,91,La Salle Eagles,6,2,10,4,147,121,241,102
Cold Islanders,2020-10-25,36,Thunder Bay Eaters,1,7,7,1,102,121,241,147
Cold Islanders,2020-11-05,62,Hamilton Tigers,11,2,7,5,215,121,147,102
Toronto Eagles,2020-11-24,31,Thunder Bay Dogs,3,9,10,2,142,267,13,155
Toronto Eagles,2021-11-02,25,Chateauguay Canucks,0,6,5,0,325,371,155,327
Toronto Eagles,2021-02-09,35,Sidney Eagles,0,6,5,0,13,155,142,267
Toronto Eagles,2021-08-01,1,Cold Travelways,1,8,5,1,267,327,155,359
Cold Travelways,2021-08-01,1,Toronto Eagles,8,1,5,4,226,104,201,318
Toronto Eagles,2022-04-18,25,Chateauguay Canucks,1,8,7,1,155,142,371,267
Toronto Eagles,2022-01-17,21,Victoria Thunder,2,5,10,2,142,327,267,325
Toronto Eagles,2022-04-05,4,Montreal Bruins,0,7,5,0,155,325,371,13
Montreal Bruins,2022-04-05,4,Toronto Eagles,7,0,5,5,36,221,164,46
Toronto Eagles,2020-12-24,4,Cold Colts,0,8,6,0,155,267,13,142
Cold Colts,2020-12-24,4,Toronto Eagles,8,0,6,6,11,89,235,279
Toronto Eagles,2022-05-23,3,Calgary Fleur-de-Lys,4,13,10,3,422,528,327,13
Calgary Fleur-de-Lys,2022-05-23,3,Toronto Eagles,13,4,10,7,531,63,117,183
Toronto Eagles,2021-05-19,3,Calgary Rockets,0,10,6,0,155,13,267,325
Calgary Rockets,2021-05-19,3,Toronto Eagles,10,0,6,6,200,323,308,61
Toronto Eagles,2021-09-28,4,Montreal Bruins,0,8,6,0,13,325,327,142
Montreal Bruins,2021-09-28,4,Toronto Eagles,8,0,6,6,387,140,109,164
Toronto Eagles,2021-12-30,46,Steinbach Oilers,4,8,10,3,142,267,155,13
Toronto Eagles,2021-10-06,10,Melfort Bruins,5,8,10,3,325,13,371,142
Toronto Eagles,2021-02-16,3,Calgary Cubs,1,7,6,1,13,142,155,267
Calgary Cubs,2021-02-16,3,Toronto Eagles,7,1,6,5,305,224,256,272
Toronto Eagles,2021-06-17,3,Calgary Fleur-de-Lys,1,7,6,1,13,267,327,155
Calgary Fleur-de-Lys,2021-06-17,3,Toronto Eagles,7,1,6,5,33,117,183,63
Toronto Eagles,2020-10-28,42,Vancouver Jr. Terriers,13,0,6,5,142,267,13,155
Toronto Eagles,2021-03-15,2,Vancouver Fury,1,9,10,1,13,155,142,267
Vancouver Fury,2021-03-15,2,Toronto Eagles,9,1,10,9,294,185,72,259
Toronto Eagles,2021-11-24,69,Sudbury Jets,7,6,10,4,155,422,267,371
Toronto Eagles,2022-03-10,72,Yorkton Indians,3,8,10,2,155,13,371,422
Toronto Eagles,2022-03-17,3,Calgary Fleur-de-Lys,1,7,6,1,325,371,13,327
Calgary Fleur-de-Lys,2022-03-17,3,Toronto Eagles,7,1,6,5,33,412,123,117
Toronto Eagles,2021-09-23,4,Cold Colts,0,8,6,0,13,325,267,155
Cold Colts,2021-09-23,4,Toronto Eagles,8,0,6,6,44,89,235,45
Toronto Eagles,2021-04-19,4,Montreal Bruins,2,10,9,1,267,325,327,142
Montreal Bruins,2021-04-19,4,Toronto Eagles,10,2,9,8,221,36,109,140
Toronto Eagles,2022-02-28,3,Calgary Fleur-de-Lys,0,6,5,0,142,155,267,327
Calgary Fleur-de-Lys,2022-02-28,3,Toronto Eagles,6,0,5,5,63,412,183,117
Toronto Eagles,2022-05-19,69,Sudbury Jets,11,5,6,5,13,327,267,371
Toronto Eagles,2021-09-17,99,Bellingham Travelways,1,7,5,1,267,13,142,155
Toronto Eagles,2021-01-09,102,Nickel Centre Terriers,3,8,10,2,155,13,267,142
Toronto Eagles,2021-09-15,35,Sidney Eagles,0,10,5,0,327,155,142,371
Toronto Eagles,2021-01-13,31,Thunder Bay Dogs,3,8,10,2,267,155,13,142
Toronto Eagles,2021-08-31,46,Steinbach Oilers,6,8,10,4,142,155,13,267
Toronto Eagles,2021-10-31,58,Canmore Rats,4,5,13,3,142,325,371,13
Toronto Eagles,2021-07-19,69,Sudbury Jets,1,8,5,1,359,142,13,267
Toronto Eagles,2021-05-23,10,Melfort Bruins,3,13,9,1,327,155,267,13
Toronto Eagles,2022-04-05,25,Chateauguay Canucks,3,8,10,1,155,325,13,267
Toronto Eagles,2021-07-08,72,Yorkton Indians,0,8,7,0,325,267,155,359
Ice Sabres,2021-01-26,75,New Westminster Thunder,0,7,5,0,62,210,10,298
Ice Sabres,2021-07-23,95,Fort Garry Eagles,2,8,7,1,138,145,205,234
Ice Sabres,2020-07-08,55,Markham Rockets,6,8,10,5,205,62,10,197
Ice Sabres,2020-08-01,9,Trail Smoke Remparts,4,10,9,3,62,10,59,197
Ice Sabres,2020-09-20,39,Charlottetown Schooners,0,6,6,0,62,59,234,10
Ice Sabres,2022-02-08,73,Thunder Bay Flames,0,11,5,0,138,205,145,197
Ice Sabres,2021-05-05,55,Markham Rockets,5,7,11,4,10,197,138,298
Ice Sabres,2020-10-23,55,Markham Rockets,3,6,10,2,197,62,145,138
Ice Sabres,2021-03-09,39,Charlottetown Schooners,0,9,6,0,234,197,10,210
Ice Sabres,2021-11-01,3,Cold Huskies,4,5,10,3,234,138,298,145
Cold Huskies,2021-11-01,3,Ice Sabres,5,4,10,7,28,348,172,66
Ice Sabres,2021-08-17,55,Markham Rockets,0,7,5,0,234,145,138,298
Ice Sabres,2022-01-31,3,Cold Huskies,2,9,7,1,145,197,62,205
Cold Huskies,2022-01-31,3,Ice Sabres,9,2,7,6,66,348,28,336
Ice Sabres,2022-05-06,3,Cold Huskies,0,6,5,0,234,210,138,205
Cold Huskies,2022-05-06,3,Ice Sabres,6,0,5,5,348,522,28,479
Ice Sabres,2021-04-19,27,Burlington Stampeders,7,1,6,4,234,298,145,205
Ice Sabres,2021-04-04,33,Iron Range Penguins,4,7,10,3,145,205,62,197
Ice Sabres,2021-03-21,33,Iron Range Penguins,2,8,6,1,10,197,298,145
Ice Sabres,2021-11-11,33,Iron Range Penguins,3,9,6,1,298,145,234,197
Ice Sabres,2020-10-20,70,Calgary Marauders,3,9,8,2,197,210,145,205
Ice Sabres,2022-01-10,27,Burlington Stampeders,2,8,10,2,145,197,210,62
Ice Sabres,2022-03-05,39,Charlottetown Schooners,1,11,7,1,145,234,62,197
Ice Sabres,2021-05-07,73,Thunder Bay Flames,0,7,5,0,210,145,10,234
Ice Sabres,2021-05-13,39,Charlottetown Schooners,0,6,6,0,205,138,10,62
Ice Sabres,2022-05-13,33,Iron Range Penguins,1,10,8,1,234,138,210,197
Ice Sabres,2022-02-07,93,Humboldt Vipers,0,6,5,0,145,62,197,210
Ice Sabres,2021-08-26,29,Richmond Hill Mets,2,9,10,2,205,298,234,197
Ice Sabres,2021-01-21,9,Trail Smoke Remparts,2,8,5,1,210,145,197,298
Ice Sabres,2021-02-15,55,Markham Rockets,3,6,10,2,234,298,205,62
Ice Sabres,2020-09-26,37,Halifax Oland Vikings,4,9,10,2,205,234,138,210
Ice Sabres,2022-04-07,81,Brockville Spirit,6,4,10,3,138,197,234,205
Toronto Penguins,2021-06-10,47,Halifax Flames,5,7,10,3,90,179,280,233
Toronto Penguins,2022-05-19,30,Peterborough Jr. Patriots,3,5,10,3,233,280,260,394
Toronto Penguins,2022-04-08,61,Pierrefonds Canadians,7,3,10,4,90,394,233,280
Toronto Penguins,2022-05-03,51,Richmond Hill Tondas,8,6,10,5,233,500,260,394
Toronto Penguins,2021-02-21,97,Pembroke Lumber Express,1,8,5,1,77,280,179,233
Toronto Penguins,2022-01-13,13,Halifax Team Leafs,6,5,10,5,90,280,394,260
Toronto Penguins,2021-08-19,20,Dartmouth Oland Thunderbirds,6,0,5,4,90,179,260,280
Toronto Penguins,2020-10-05,47,Halifax Flames,4,5,11,3,260,77,233,90
Toronto Penguins,2022-03-22,47,Halifax Flames,8,5,10,5,260,280,233,90
Toronto Penguins,2021-10-09,1,Game of Stones,1,7,6,1,260,90,280,394
Game of Stones,2021-10-09,1,Toronto Penguins,7,1,6,5,285,231,192,58
Toronto Penguins,2020-08-01,20,Dartmouth Oland Thunderbirds,8,0,5,4,233,216,90,77
Toronto Penguins,2021-05-18,97,Pembroke Lumber Express,8,7,10,4,179,233,280,90
Toronto Penguins,2021-07-27,51,Richmond Hill Tondas,2,7,10,1,233,280,179,90
Ice Cougars,2021-03-26,92,Toronto Wild,0,11,6,0,321,177,258,101
Ice Cougars,2022-01-07,13,Halifax Team Leafs,0,4,10,0,321,101,258,447
Ice Cougars,2021-04-22,13,Halifax Team Leafs,2,10,8,2,321,177,101,258
Ice Cougars,2021-09-09,1,Game of Stones,3,6,10,2,101,258,321,177
Game of Stones,2021-09-09,1,Ice Cougars,6,3,10,8,231,192,285,58
Ice Cougars,2022-03-16,30,Peterborough Jr. Patriots,1,8,7,1,177,101,447,321
Ice Cougars,2021-07-14,28,Thunder Bay Thunder,1,6,10,1,177,321,101,258
Ice Cougars,2021-09-22,2,Vancouver Islanders,10,1,8,5,321,258,101,177
Vancouver Islanders,2021-09-22,2,Ice Cougars,1,10,8,3,230,273,364,403
Ice Cougars,2020-11-06,48,Halifax A's,0,9,5,0,101,258,177,232
Ice Cougars,2021-04-20,97,Pembroke Lumber Express,7,6,10,5,321,258,177,101
Ice Cougars,2022-02-07,61,Pierrefonds Canadians,0,6,6,0,321,177,447,101
Ice Cougars,2022-05-02,51,Richmond Hill Tondas,0,6,8,0,321,447,101,177
Ice Cougars,2021-09-28,48,Halifax A's,8,4,10,5,321,177,258,101
Ice Cougars,2021-01-04,92,Toronto Wild,1,7,6,1,258,177,101,232
Ice Cougars,2022-01-14,12,Kanata Valley Vipers,5,2,10,5,447,101,177,321
Ice Cougars,2021-05-29,30,Peterborough Jr. Patriots,2,9,7,1,101,321,258,177
Ice Cougars,2021-05-02,12,Kanata Valley Vipers,5,8,10,3,177,321,101,258
Ice Cougars,2022-02-02,12,Kanata Valley Vipers,6,7,10,4,447,177,101,321
Ice Cougars,2022-05-15,97,Pembroke Lumber Express,1,8,8,1,101,177,447,321
Ice Cougars,2022-02-14,47,Halifax Flames,2,9,10,2,177,321,447,101
Ice Cougars,2021-04-09,20,Dartmouth Oland Thunderbirds,5,4,10,4,321,258,177,101
Ice Cougars,2020-12-12,20,Dartmouth Oland Thunderbirds,0,8,5,0,101,177,258,232
Ice Cougars,2022-02-06,51,Richmond Hill Tondas,2,8,7,1,447,177,321,101
Ice Cougars,2021-07-24,2,Vancouver Islanders,3,5,10,2,177,321,258,101
Vancouver Islanders,2021-07-24,2,Ice Cougars,5,3,10,8,149,273,230,364
Ottawa Kiltys,2022-01-05,50,Ajax Sports,6,0,6,4,42,220,395,409
Ottawa Kiltys,2022-02-23,3,Ice Huskies,8,2,7,5,409,395,42,220
Ice Huskies,2022-02-23,3,Ottawa Kiltys,2,8,7,2,252,6,399,244
Ottawa Kiltys,2022-05-19,54,Saskatoon Rams,5,8,10,3,42,395,220,511
Ottawa Kiltys,2022-05-07,77,Lanark Festivals,5,3,10,3,511,42,395,220
Ottawa Kiltys,2022-03-07,50,Ajax Sports,6,8,10,3,220,42,409,395
Ottawa Kiltys,2022-03-28,32,Williams Lake Vulcans,9,11,10,3,220,42,395,409
Ottawa Kiltys,2021-12-01,96,Vernon Bears,4,5,11,4,42,220,395,409
Ottawa Kiltys,2021-11-13,3,Stone Mariners,7,0,7,5,42,220,395,409
Stone Mariners,2021-11-13,3,Ottawa Kiltys,0,7,7,2,217,157,277,245
Ottawa Kiltys,2022-03-02,44,Thunder Bay Panthers,6,3,10,5,395,220,409,42
Ottawa Kiltys,2022-04-04,96,Vernon Bears,0,7,5,0,409,395,42,220
Ottawa Kiltys,2022-05-30,6,Cape Breton Lumberjacks,6,5,10,4,511,409,395,220
Ottawa Kiltys,2021-12-10,49,North Sydney Spitfires,6,5,10,6,42,409,220,395
Ottawa Kiltys,2022-02-07,78,Halifax Oland Centennials,6,4,10,5,42,395,220,409
Ottawa Kiltys,2022-02-04,54,Saskatoon Rams,3,8,10,3,395,409,220,42
Ottawa Kiltys,2022-05-18,2,Stone Timberwolves,4,5,10,3,42,395,409,220
Stone Timberwolves,2022-05-18,2,Ottawa Kiltys,5,4,10,7,198,495,156,48
Ottawa Kiltys,2021-10-29,65,Winnipeg Beehives,11,5,9,6,395,220,42,409
Ottawa Kiltys,2022-05-01,26,Wexford Beehives,9,4,10,4,220,395,42,511
Ottawa Kiltys,2022-03-23,77,Lanark Festivals,8,2,6,4,395,409,220,42
Ottawa Kiltys,2021-10-28,1,Broom Mets,6,7,10,4,395,409,220,42
Broom Mets,2021-10-28,1,Ottawa Kiltys,7,6,10,6,370,173,96,120
Ottawa Kiltys,2021-10-25,96,Vernon Bears,7,6,11,4,220,395,409,42
Ottawa Kiltys,2021-11-08,82,Oswego Cougars,7,0,6,4,395,42,409,220
Ottawa Kiltys,2022-05-08,1,Ottawa Greys,4,6,10,2,220,511,42,395
Ottawa Greys,2022-05-08,1,Ottawa Kiltys,6,4,10,8,352,176,24,392
Ottawa Kiltys,2022-01-21,3,Ice Huskies,10,4,6,5,220,395,409,42
Ice Huskies,2022-01-21,3,Ottawa Kiltys,4,10,6,1,252,244,367,6
Ottawa Kiltys,2021-11-06,3,Ice Huskies,10,6,10,4,409,42,220,395
Ice Huskies,2021-11-06,3,Ottawa Kiltys,6,10,10,6,399,367,6,252
Ottawa Kiltys,2021-11-19,1,Broom Mets,7,0,5,4,395,409,42,220
Broom Mets,2021-11-19,1,Ottawa Kiltys,0,7,5,1,188,120,96,173
Ottawa Kiltys,2022-01-14,57,New Waterford Pack,7,3,10,4,220,395,42,409
Ottawa Kiltys,2022-03-16,7,Southeast Nationals,8,2,7,4,42,395,220,409
Ottawa Kiltys,2022-03-28,8,Peterborough Bearcats,6,5,10,5,409,395,42,220
Ottawa Kiltys,2022-03-30,3,Ice Huskies,7,0,8,6,220,42,409,395
Ice Huskies,2022-03-30,3,Ottawa Kiltys,0,7,8,2,244,399,367,252
Ice Dodgers,2021-06-07,74,Port-aux-Basques Buccaneers,6,7,11,4,174,137,131,335
Ice Dodgers,2021-11-12,65,Winnipeg Beehives,0,9,5,0,131,335,174,137
Ice Dodgers,2022-05-11,1,Broom Mets,9,3,9,5,286,131,211,451
Broom Mets,2022-05-11,1,Ice Dodgers,3,9,9,4,188,173,370,507
Ice Dodgers,2021-03-27,1,Ottawa Greys,5,7,10,3,131,137,211,286
Ottawa Greys,2021-03-27,1,Ice Dodgers,7,5,10,7,176,82,24,95
Ice Dodgers,2020-11-03,24,Sidney Terriers,12,0,5,5,131,174,211,137
Ice Dodgers,2021-12-08,54,Saskatoon Rams,1,7,6,1,131,286,211,174
Ice Dodgers,2022-03-12,78,Halifax Oland Centennials,7,1,6,4,451,137,131,286
Ice Dodgers,2021-05-01,82,Oswego Cougars,6,2,10,4,137,211,174,286
Ice Dodgers,2021-08-31,6,Cape Breton Lumberjacks,2,8,8,2,335,137,174,211
Ice Dodgers,2021-08-26,38,Espanola Screaming Crystals,6,8,10,5,174,131,137,335
Ice Dodgers,2020-07-05,90,Langley Hawks,8,1,8,6,131,211,174,137
Ice Dodgers,2022-04-23,17,Brandon Warriors,4,6,10,2,286,131,174,451
Ice Dodgers,2021-02-03,38,Espanola Screaming Crystals,4,12,7,2,131,211,174,137
Ice Dodgers,2021-11-12,24,Sidney Terriers,6,4,10,3,286,131,137,211
Ice Dodgers,2020-09-26,82,Oswego Cougars,0,6,5,0,131,174,211,137
Ice Dodgers,2022-03-05,44,Thunder Bay Panthers,6,5,10,5,174,451,137,131
Ice Dodgers,2020-11-02,17,Brandon Warriors,3,11,7,2,137,174,211,131
Ice Dodgers,2020-10-20,96,Vernon Bears,5,6,10,4,131,174,137,211
Ice Dodgers,2021-02-09,4,Super Salsa,1,7,7,1,137,211,286,174
Super Salsa,2021-02-09,4,Ice Dodgers,7,1,7,6,168,154,108,41
Ice Dodgers,2020-12-12,38,Espanola Screaming Crystals,2,9,6,2,137,211,174,131
Ice Dodgers,2021-02-03,77,Lanark Festivals,6,3,10,3,211,137,174,131
Ice Dodgers,2022-03-06,96,Vernon Bears,9,8,10,3,451,211,137,335
Ice Dodgers,2021-07-30,57,New Waterford Pack,1,9,5,1,211,131,335,137
Ice Dodgers,2022-02-15,65,Winnipeg Beehives,4,9,10,4,131,137,174,335
Ice Dodgers,2021-11-21,44,Thunder Bay Panthers,10,1,9,7,335,286,137,211
Ice Dodgers,2020-10-16,57,New Waterford Pack,3,4,10,2,174,137,131,211
Ice Dodgers,2022-05-18,32,Williams Lake Vulcans,1,7,6,1,211,538,174,451
Ice Dodgers,2021-07-11,57,New Waterford Pack,12,6,9,7,131,286,211,335
Ice Dodgers,2020-07-01,89,Williams Lake Warriors,5,4,10,3,211,137,131,174
Ice Dodgers,2020-10-08,54,Saskatoon Rams,8,4,10,5,174,131,137,211
Ice Dodgers,2021-09-19,50,Ajax Sports,7,6,10,4,286,137,131,211
Ice Dodgers,2021-09-28,24,Sidney Terriers,7,0,5,4,211,131,335,174
Broom Mets,2022-05-21,14,Battleford Greys,0,7,6,0,178,120,507,526
Broom Mets,2020-07-20,3,Stone Mariners,6,1,10,5,178,120,173,188
Stone Mariners,2020-07-20,3,Broom Mets,1,6,10,5,217,25,9,74
Broom Mets,2021-07-21,50,Ajax Sports,0,6,5,0,178,120,188,173
Broom Mets,2020-11-20,32,Williams Lake Vulcans,3,6,10,1,120,188,96,178
Broom Mets,2022-01-13,82,Oswego Cougars,2,3,10,2,370,120,188,178
Broom Mets,2022-04-22,17,Brandon Warriors,4,5,10,4,173,178,507,370
Broom Mets,2021-10-24,6,Cape Breton Lumberjacks,3,10,10,2,370,178,173,96
Broom Mets,2020-09-29,1,Ottawa Greys,0,6,6,0,178,188,96,120
Ottawa Greys,2020-09-29,1,Broom Mets,6,0,6,6,95,82,176,24
Broom Mets,2021-01-22,4,Super Salsa,1,7,6,1,178,120,188,96
Super Salsa,2021-01-22,4,Broom Mets,7,1,6,5,199,154,108,168
Broom Mets,2021-10-15,3,Stone Mariners,1,7,5,1,96,120,173,178
Stone Mariners,2021-10-15,3,Broom Mets,7,1,5,4,217,277,251,157
Broom Mets,2021-05-15,38,Espanola Screaming Crystals,7,1,7,4,120,96,188,178
Broom Mets,2021-01-07,6,Cape Breton Lumberjacks,3,9,8,1,178,96,188,173
Ottawa Greys,2020-10-23,44,Thunder Bay Panthers,10,6,10,5,24,176,95,82
Ottawa Greys,2021-11-13,82,Oswego Cougars,4,6,10,4,352,24,176,95
Ottawa Greys,2021-12-04,1,Ice Dodgers,4,5,10,3,365,95,24,392
Ice Dodgers,2021-12-04,1,Ottawa Greys,5,4,10,7,335,131,174,137
Ottawa Greys,2020-12-10,1,Broom Mets,7,0,6,6,82,176,95,24
Broom Mets,2020-12-10,1,Ottawa Greys,0,7,6,0,173,120,178,96
Ottawa Greys,2022-05-06,85,Sherwood Park Grads,0,6,6,0,352,392,95,365
Ottawa Greys,2021-08-31,65,Winnipeg Beehives,5,7,10,3,392,24,176,95
Ottawa Greys,2020-07-08,74,Port-aux-Basques Buccaneers,3,7,10,2,95,82,176,24
Ottawa Greys,2022-05-28,65,Winnipeg Beehives,2,4,10,2,176,95,392,352
Ottawa Greys,2022-01-26,74,Port-aux-Basques Buccaneers,7,1,5,4,24,352,392,365
Ottawa Greys,2022-05-15,65,Winnipeg Beehives,7,4,10,6,176,392,95,352
Ottawa Greys,2021-01-03,14,Battleford Greys,1,9,7,1,24,95,82,176
Ottawa Greys,2020-07-24,78,Halifax Oland Centennials,4,8,10,2,95,82,24,176
Ottawa Greys,2021-09-26,2,Stone Timberwolves,2,8,9,2,24,392,352,365
Stone Timberwolves,2021-09-26,2,Ottawa Greys,8,2,9,7,198,50,48,60
Ottawa Greys,2021-04-10,1,Broom Mets,10,7,10,6,24,82,176,95
Broom Mets,2021-04-10,1,Ottawa Greys,7,10,10,4,178,120,173,96
Ottawa Greys,2020-09-01,1,Ice Dodgers,7,1,6,5,176,95,82,24
Ice Dodgers,2020-09-01,1,Ottawa Greys,1,7,6,1,211,137,174,131
Ottawa Greys,2020-10-04,1,Ice Dodgers,8,5,10,5,176,95,82,24
Ice Dodgers,2020-10-04,1,Ottawa Greys,5,8,10,5,211,174,131,137
Ottawa Greys,2021-05-20,7,Southeast Nationals,6,4,10,4,176,95,82,24
Ottawa Greys,2021-06-15,90,Langley Hawks,8,6,10,6,176,82,352,24
Ottawa Greys,2022-05-27,26,Wexford Beehives,10,0,6,5,352,95,176,392
Ottawa Greys,2021-04-28,74,Port-aux-Basques Buccaneers,9,1,10,5,176,95,82,24
Ottawa Greys,2022-01-14,74,Port-aux-Basques Buccaneers,2,3,10,2,392,95,352,365
Ottawa Greys,2021-12-29,90,Langley Hawks,8,7,11,7,95,24,352,365
Ottawa Greys,2021-04-16,65,Winnipeg Beehives,6,8,10,4,82,95,24,176
Ottawa Greys,2021-10-08,78,Halifax Oland Centennials,4,11,9,4,365,95,24,176
Ottawa Greys,2021-03-26,74,Port-aux-Basques Buccaneers,4,6,10,4,82,95,24,176
Ottawa Greys,2021-03-19,65,Winnipeg Beehives,9,7,10,4,24,176,82,95
Ottawa Greys,2021-11-17,4,Super Salsa,4,3,11,4,352,95,176,24
Super Salsa,2021-11-17,4,Ottawa Greys,3,4,11,7,41,108,329,141
Ottawa Greys,2021-11-04,77,Lanark Festivals,7,5,10,5,365,176,352,95
Ottawa Greys,2022-03-16,32,Williams Lake Vulcans,6,2,10,4,24,365,392,176
Cold Chinooks,2021-11-19,94,Aurora Chiefs,3,6,10,2,400,111,353,144
Cold Chinooks,2021-11-08,34,Markham Rebels,2,8,6,1,127,400,151,111
Cold Chinooks,2022-03-29,66,Vancouver Flyers,8,2,5,4,400,151,127,353
Cold Chinooks,2020-08-06,94,Aurora Chiefs,1,11,8,1,144,111,127,151
Cold Chinooks,2021-05-15,94,Aurora Chiefs,2,8,8,1,144,340,151,127
Cold Chinooks,2020-12-22,34,Markham Rebels,4,6,11,2,151,127,144,111
Cold Chinooks,2022-04-27,86,Cape Breton Rustlers,8,6,10,5,144,353,151,127
Cold Chinooks,2020-12-14,60,Villanova Terriers,7,1,5,4,127,111,151,144
Cold Chinooks,2021-09-10,94,Aurora Chiefs,0,18,8,0,353,144,111,127
Cold Chinooks,2021-04-29,23,Laval Rousseau 77's,0,7,6,0,127,144,111,151
Cold Chinooks,2021-03-23,0,Cold Islanders,4,7,10,3,127,151,144,111
Cold Islanders,2021-03-23,0,Cold Chinooks,7,4,10,7,102,121,147,215
Cold Chinooks,2021-11-16,43,Temiscaming Hawks,5,6,10,3,127,353,151,400
Cold Chinooks,2021-10-10,66,Vancouver Flyers,0,9,5,0,144,127,151,400
Cold Chinooks,2022-05-11,3,Calgary Metros,0,6,5,0,111,512,151,127
Calgary Metros,2022-05-11,3,Cold Chinooks,6,0,5,5,93,456,39,460
Cold Chinooks,2021-05-13,62,Hamilton Tigers,1,8,6,1,340,127,151,111
Cold Chinooks,2021-11-25,4,Ice Unicorns,6,4,10,4,127,144,400,151
Ice Unicorns,2021-11-25,4,Cold Chinooks,4,6,10,6,55,418,344,85
Cold Chinooks,2021-04-12,23,Laval Rousseau 77's,0,9,5,0,151,144,111,127
Cold Chinooks,2021-03-10,18,Mississauga Cougars,2,8,8,2,127,144,111,151
Cold Chinooks,2020-11-17,87,South Surrey Canadians,2,7,10,1,127,144,151,111
Cold Chinooks,2021-09-21,66,Vancouver Flyers,2,7,10,2,127,151,353,400
Cold Chinooks,2021-05-22,94,Aurora Chiefs,4,7,10,3,144,127,340,111
Cold Chinooks,2022-01-26,23,Laval Rousseau 77's,0,7,6,0,353,144,111,151
Cold Travelways,2021-12-28,31,Thunder Bay Dogs,3,8,10,2,411,247,420,318
Cold Travelways,2022-03-23,99,Bellingham Travelways,5,7,10,3,201,104,484,247
Cold Travelways,2022-03-11,2,Vancouver Fury,0,8,5,0,247,201,104,484
Vancouver Fury,2022-03-11,2,Cold Travelways,8,0,5,5,259,72,331,159
Cold Travelways,2021-02-22,58,Canmore Rats,4,8,10,4,247,201,104,226
Cold Travelways,2021-09-14,3,Calgary Fleur-de-Lys,8,7,11,5,104,247,201,226
Calgary Fleur-de-Lys,2021-09-14,3,Cold Travelways,7,8,11,6,117,183,33,123
Cold Travelways,2021-06-03,3,Calgary Cubs,8,2,7,4,318,226,104,247
Calgary Cubs,2021-06-03,3,Cold Travelways,2,8,7,3,224,256,305,26
Cold Travelways,2020-11-23,99,Bellingham Travelways,7,6,10,3,247,226,201,104
Cold Travelways,2021-01-31,21,Victoria Thunder,2,13,5,1,226,247,104,201
Cold Travelways,2022-03-05,10,Melfort Bruins,7,6,10,3,201,226,104,318
Cold Travelways,2021-09-07,4,Montreal Raiders,10,6,10,5,318,104,247,226
Montreal Raiders,2021-09-07,4,Cold Travelways,6,10,10,5,182,218,115,343
Cold Travelways,2020-07-31,3,Calgary Fleur-de-Lys,5,6,10,4,104,81,226,201
Calgary Fleur-de-Lys,2020-07-31,3,Cold Travelways,6,5,10,6,79,183,33,63
Cold Travelways,2021-11-08,4,Cold Colts,2,13,8,1,104,247,226,318
Cold Colts,2021-11-08,4,Cold Travelways,13,2,8,7,11,45,44,89
Cold Travelways,2020-08-05,102,Nickel Centre Terriers,6,5,10,4,226,201,81,104
Cold Travelways,2021-08-28,4,Ice Bulls,6,5,10,3,247,104,318,201
Ice Bulls,2021-08-28,4,Cold Travelways,5,6,10,7,169,18,326,337
Cold Travelways,2021-12-09,3,Calgary Rockets,1,7,6,1,247,201,411,104
Calgary Rockets,2021-12-09,3,Cold Travelways,7,1,6,5,323,61,308,358
Cold Travelways,2021-11-16,35,Sidney Eagles,4,9,10,4,104,420,411,226
Cold Travelways,2020-08-28,42,Vancouver Jr. Terriers,7,4,10,6,201,104,81,226
Cold Travelways,2021-06-14,3,Calgary Cubs,4,10,9,2,318,247,226,104
Calgary Cubs,2021-06-14,3,Cold Travelways,10,4,9,7,356,224,256,26
Cold Travelways,2021-05-31,76,Whitby Lakers,4,8,10,3,247,226,318,104
Cold Travelways,2022-05-14,76,Whitby Lakers,3,6,10,3,502,201,104,226
Cold Travelways,2021-07-01,0,Toronto Eagles,2,6,10,2,201,226,318,247
Toronto Eagles,2021-07-01,0,Cold Travelways,6,2,10,8,359,142,325,327
Cold Travelways,2020-08-14,99,Bellingham Travelways,6,9,10,3,104,81,226,201
Cold Travelways,2022-01-13,4,Montreal Bruins,0,6,8,0,411,201,247,318
Montreal Bruins,2022-01-13,4,Cold Travelways,6,0,8,8,164,425,36,387
Cold Travelways,2021-05-30,58,Canmore Rats,7,4,10,6,318,226,247,104
Cold Travelways,2021-05-24,10,Melfort Bruins,8,0,5,5,318,104,226,201
Cold Travelways,2022-05-07,84,Windsor Royals,0,8,5,0,484,502,104,201
Cold Travelways,2021-01-22,63,Moncton Legionaires,4,7,10,3,226,201,104,247
Cold Travelways,2020-10-02,2,Vancouver Fury,0,8,5,0,104,201,247,226
Vancouver Fury,2020-10-02,2,Cold Travelways,8,0,5,5,159,72,259,185
Cold Travelways,2021-05-28,2,Vancouver Fury,2,11,7,1,201,226,104,247
Vancouver Fury,2021-05-28,2,Cold Travelways,11,2,7,6,259,294,328,159
Ottawa Victorias,2022-04-23,31,Thunder Bay Dogs,6,8,10,2,313,287,222,493
Ottawa Victorias,2020-10-23,4,Cold Colts,6,5,10,4,222,228,207,118
Cold Colts,2020-10-23,4,Ottawa Victorias,5,6,10,6,89,44,11,235
Ottawa Victorias,2021-03-19,102,Nickel Centre Terriers,7,4,10,4,249,287,228,207
Ottawa Victorias,2021-10-19,72,Yorkton Indians,10,3,9,7,207,312,222,249
Ottawa Victorias,2021-12-28,2,Vancouver Fury,3,9,7,1,312,207,287,222
Vancouver Fury,2021-12-28,2,Ottawa Victorias,9,3,7,6,185,159,407,331
Ottawa Victorias,2020-10-10,63,Moncton Legionaires,4,8,10,3,249,118,222,207
Ottawa Victorias,2021-03-23,21,Victoria Thunder,6,0,5,4,312,118,222,228
Ottawa Victorias,2021-02-05,72,Yorkton Indians,1,8,5,1,118,207,228,222
Ottawa Victorias,2022-03-03,58,Canmore Rats,6,0,6,6,287,313,207,312
Ottawa Victorias,2022-02-08,63,Moncton Legionaires,10,0,5,4,313,249,312,222
Ottawa Victorias,2021-06-11,4,Ice Bulls,9,0,7,6,222,249,313,207
Ice Bulls,2021-06-11,4,Ottawa Victorias,0,9,7,1,169,337,18,326
Ottawa Victorias,2022-04-17,84,Windsor Royals,4,6,10,3,287,222,249,493
Ottawa Victorias,2021-11-12,72,Yorkton Indians,4,5,10,3,207,312,287,313
Ottawa Victorias,2022-03-20,42,Vancouver Jr. Terriers,11,4,7,5,228,493,249,222
Ottawa Victorias,2021-12-20,1,Cold Travelways,8,4,10,6,249,222,207,287
Cold Travelways,2021-12-20,1,Ottawa Victorias,4,8,10,4,411,420,247,318
Ottawa Victorias,2022-01-08,3,Calgary Rockets,3,5,10,2,207,249,313,287
Calgary Rockets,2022-01-08,3,Ottawa Victorias,5,3,10,8,323,308,382,21
Ottawa Victorias,2021-12-19,3,Calgary Cubs,6,9,10,4,312,249,228,287
Calgary Cubs,2021-12-19,3,Ottawa Victorias,9,6,10,6,26,224,305,256
Ottawa Victorias,2020-10-08,1,Cold Travelways,8,2,5,4,207,249,118,222
Cold Travelways,2020-10-08,1,Ottawa Victorias,2,8,5,1,104,226,201,247
Ottawa Victorias,2021-01-05,1,Cold Travelways,5,8,10,4,249,207,222,118
Cold Travelways,2021-01-05,1,Ottawa Victorias,8,5,10,6,201,226,247,104
Ottawa Victorias,2021-04-25,21,Victoria Thunder,8,1,5,4,313,222,228,287
Ottawa Victorias,2021-11-22,10,Melfort Bruins,5,7,10,4,313,228,249,222
Ottawa Victorias,2022-01-25,4,Ice Bulls,7,1,6,5,461,287,313,207
Ice Bulls,2022-01-25,4,Ottawa Victorias,1,7,6,1,443,18,337,169
Ottawa Victorias,2022-02-19,46,Steinbach Oilers,5,3,10,4,287,228,222,313
Ottawa Victorias,2020-08-19,10,Melfort Bruins,8,4,10,5,118,207,228,222
Ottawa Victorias,2021-03-08,2,Vancouver Fury,1,7,6,1,222,118,312,249
Vancouver Fury,2021-03-08,2,Ottawa Victorias,7,1,6,5,159,185,72,259
Game of Stones,2021-08-30,16,Bancroft Waxers,9,3,8,6,231,58,316,285
Game of Stones,2022-01-05,28,Thunder Bay Thunder,11,2,8,7,231,285,192,58
Game of Stones,2021-02-24,71,Thornhill Caribous,8,3,10,5,192,285,107,231
Game of Stones,2021-12-15,28,Thunder Bay Thunder,8,3,10,6,285,192,231,58
Game of Stones,2021-09-16,92,Toronto Wild,8,2,7,4,285,58,231,192
Game of Stones,2021-03-22,0,Toronto Penguins,7,8,10,4,231,107,192,58
Toronto Penguins,2021-03-22,0,Game of Stones,8,7,10,6,77,179,90,260
Game of Stones,2021-09-13,61,Pierrefonds Canadians,0,6,5,0,58,192,285,231
Game of Stones,2020-07-24,15,Elliot Lake Wings,6,0,5,4,58,192,107,231
Game of Stones,2020-09-07,28,Thunder Bay Thunder,6,4,10,4,58,107,231,192
Game of Stones,2022-02-09,13,Halifax Team Leafs,4,6,10,3,231,58,458,285
Game of Stones,2021-03-25,48,Halifax A's,6,0,5,4,107,285,192,58
Game of Stones,2021-09-01,20,Dartmouth Oland Thunderbirds,10,0,5,4,316,285,58,192
Game of Stones,2021-07-02,71,Thornhill Caribous,7,1,8,5,58,316,192,231
Game of Stones,2021-03-19,61,Pierrefonds Canadians,7,8,12,4,316,231,285,192
Game of Stones,2021-03-08,48,Halifax A's,9,0,5,5,192,285,107,231
Game of Stones,2020-10-09,0,Ice Cougars,8,1,7,5,107,192,231,58
Ice Cougars,2020-10-09,0,Game of Stones,1,8,7,2,177,232,101,258
Game of Stones,2022-01-23,20,Dartmouth Oland Thunderbirds,8,1,5,4,58,285,231,192
Game of Stones,2021-06-19,51,Richmond Hill Tondas,8,2,6,4,231,285,316,192
Game of Stones,2021-12-17,47,Halifax Flames,7,5,11,5,192,58,231,285
Game of Stones,2021-07-29,92,Toronto Wild,3,11,9,3,316,107,58,231
Game of Stones,2022-05-25,61,Pierrefonds Canadians,1,7,6,1,285,231,514,192
Game of Stones,2021-08-27,47,Halifax Flames,3,7,10,2,231,285,192,58
Game of Stones,2021-07-30,12,Kanata Valley Vipers,8,0,7,5,316,285,192,107
Game of Stones,2020-11-16,40,Kindersley Warriors,6,0,6,4,58,107,192,231
Game of Stones,2021-12-28,16,Bancroft Waxers,7,5,10,5,192,58,285,231
Game of Stones,2020-10-27,15,Elliot Lake Wings,5,7,10,2,192,58,107,231
Game of Stones,2021-01-16,0,Toronto Penguins,1,8,8,1,107,285,192,58
Toronto Penguins,2021-01-16,0,Game of Stones,8,1,8,7,233,179,260,280
Super Lords,2022-04-17,88,Niagara Falls Filons,1,9,8,1,402,214,5,88
Super Lords,2022-05-30,2,Curlers Terriers,0,8,5,0,402,5,381,88
Curlers Terriers,2022-05-30,2,Super Lords,8,0,5,5,278,310,7,489
Super Lords,2020-07-18,59,Thunder Bay Patriots,9,2,5,3,186,88,5,214
Super Lords,2020-09-22,79,Pembroke Lumber Bears,0,6,5,0,186,214,88,5
Super Lords,2022-05-08,45,Prince Albert Marrs,4,9,10,3,88,214,381,5
Super Lords,2021-11-15,79,Pembroke Lumber Bears,6,10,10,3,5,214,88,381
Super Lords,2022-04-06,19,Rosemont Bears,4,11,9,2,381,214,5,402
Super Lords,2020-08-28,88,Niagara Falls Filons,0,10,6,0,88,5,186,214
Super Lords,2020-08-18,67,Edmonton Maple Predators,0,7,5,0,214,186,88,5
Super Lords,2020-08-18,79,Pembroke Lumber Bears,0,8,5,0,214,88,5,186
Super Lords,2020-08-10,19,Rosemont Bears,9,3,9,6,88,5,186,214
Super Lords,2020-10-16,59,Thunder Bay Patriots,5,7,10,3,88,214,186,5
Super Lords,2021-12-24,67,Edmonton Maple Predators,0,9,5,0,214,5,88,402
Super Lords,2022-01-03,4,Montreal Vipers,1,8,6,1,402,214,88,5
Montreal Vipers,2022-01-03,4,Super Lords,8,1,6,5,143,450,29,427
Super Lords,2020-09-19,5,Port Hope Islanders,1,10,8,1,186,88,214,5
Super Lords,2021-11-22,67,Edmonton Maple Predators,7,10,10,2,381,402,5,88
Super Lords,2022-02-17,5,Port Hope Islanders,0,10,5,0,402,214,5,381
Super Lords,2021-08-18,22,Ste. Agathe Flyers,2,11,9,2,381,88,5,214
Super Lords,2022-04-04,45,Prince Albert Marrs,7,4,10,3,5,381,402,214
Super Lords,2021-08-12,19,Rosemont Bears,3,9,9,3,214,5,381,88
Super Lords,2021-11-22,88,Niagara Falls Filons,0,6,5,0,214,88,381,5
Super Lords,2022-03-26,101,Cape Breton Spartans,1,7,7,1,214,402,381,5
Super Lords,2021-09-18,56,Thetford Mines Blizzard,2,9,9,2,5,214,88,402
Broom Hawks,2021-06-28,67,Edmonton Maple Predators,1,8,5,1,311,333,264,65
Broom Hawks,2021-03-20,56,Thetford Mines Blizzard,7,1,6,4,65,264,242,311
Broom Hawks,2021-09-17,56,Thetford Mines Blizzard,6,0,5,5,311,397,242,264
Broom Hawks,2021-11-08,2,Super Lords,8,2,7,5,65,397,264,242
Super Lords,2021-11-08,2,Broom Hawks,2,8,7,2,381,214,5,402
Broom Hawks,2021-07-08,5,Port Hope Islanders,9,0,5,5,311,333,65,242
Broom Hawks,2021-08-15,5,Port Hope Islanders,7,1,10,6,65,333,242,311
Broom Hawks,2022-03-18,45,Prince Albert Marrs,7,1,7,4,333,397,242,264
Broom Hawks,2022-01-29,79,Pembroke Lumber Bears,3,9,9,1,65,311,264,333
Broom Hawks,2022-04-23,5,Port Hope Islanders,7,1,6,4,311,397,471,436
Broom Hawks,2022-05-28,2,Curlers Terriers,9,5,10,6,524,242,264,65
Curlers Terriers,2022-05-28,2,Broom Hawks,5,9,10,4,7,310,525,278
Broom Hawks,2022-03-10,4,Montreal Braves,8,7,10,4,333,471,397,436
Montreal Braves,2022-03-10,4,Broom Hawks,7,8,10,6,415,92,304,445
Broom Hawks,2022-05-21,4,Montreal Braves,0,6,5,0,264,524,311,65
Montreal Braves,2022-05-21,4,Broom Hawks,6,0,5,5,194,92,152,445
Broom Hawks,2021-10-15,19,Rosemont Bears,11,1,9,5,311,65,333,264
Broom Hawks,2022-02-21,56,Thetford Mines Blizzard,7,0,5,5,311,65,471,436
Broom Hawks,2021-08-02,88,Niagara Falls Filons,10,1,7,6,333,242,264,65
Broom Hawks,2021-11-23,59,Thunder Bay Patriots,7,0,5,4,65,333,397,242
Broom Hawks,2022-05-06,101,Cape Breton Spartans,6,4,10,5,311,264,65,397
Broom Hawks,2022-05-30,5,Port Hope Islanders,8,3,10,5,264,242,471,333
Broom Hawks,2021-05-16,5,Port Hope Islanders,6,1,10,5,311,264,242,333
Broom Hawks,2022-03-23,79,Pembroke Lumber Bears,10,5,10,6,436,333,264,397
Broom Hawks,2021-07-20,79,Pembroke Lumber Bears,6,2,10,4,333,65,311,264
Broom Hawks,2022-04-21,5,Port Hope Islanders,10,2,9,7,397,242,65,333
Broom Hawks,2021-07-09,59,Thunder Bay Patriots,12,4,9,7,264,333,311,242
Broom Hawks,2022-02-14,22,Ste. Agathe Flyers,7,8,10,5,397,471,333,264
Broom Hawks,2021-11-11,0,Toronto Rockets,7,4,10,5,242,311,333,65
Toronto Rockets,2021-11-11,0,Broom Hawks,4,7,10,5,424,35,388,338
Broom Hawks,2022-04-16,2,Super Lords,9,0,5,4,65,436,333,242
Super Lords,2022-04-16,2,Broom Hawks,0,9,5,1,88,214,5,402
Broom Hawks,2021-03-24,56,Thetford Mines Blizzard,9,2,8,4,311,242,65,264
Curlers Terriers,2022-04-26,5,Port Hope Islanders,6,5,11,4,7,278,489,310
Curlers Terriers,2022-05-22,79,Pembroke Lumber Bears,10,3,7,5,489,525,278,310
Curlers Terriers,2022-05-16,22,Ste. Agathe Flyers,5,4,10,3,489,310,525,7
Curlers Terriers,2022-05-22,2,Super Lords,9,5,10,6,278,310,525,7
Super Lords,2022-05-22,2,Curlers Terriers,5,9,10,4,5,402,88,381
Curlers Terriers,2022-04-03,79,Pembroke Lumber Bears,9,7,10,4,489,310,278,7
Curlers Terriers,2022-03-19,0,Toronto Rockets,9,5,10,6,310,278,7,489
Toronto Rockets,2022-03-19,0,Curlers Terriers,5,9,10,4,35,388,480,338
Curlers Terriers,2022-03-16,2,Super Lords,9,3,9,6,278,7,489,310
Super Lords,2022-03-16,2,Curlers Terriers,3,9,9,3,214,381,5,88
Curlers Terriers,2022-05-21,98,Aurora Canadians,1,9,8,1,489,525,278,310
Curlers Terriers,2022-04-30,19,Rosemont Bears,10,6,10,4,310,7,278,489
Curlers Terriers,2022-03-17,19,Rosemont Bears,6,0,8,5,489,278,7,310
Curlers Terriers,2022-05-28,56,Thetford Mines Blizzard,7,3,10,6,489,7,310,525
Curlers Terriers,2022-05-14,88,Niagara Falls Filons,2,8,7,2,525,278,489,7
Curlers Terriers,2022-04-12,67,Edmonton Maple Predators,2,12,8,2,7,489,278,310
Stone Timberwolves,2020-11-22,49,North Sydney Spitfires,7,0,5,5,156,60,198,50
Stone Timberwolves,2021-03-03,1,Broom Mets,7,8,10,5,50,60,198,156
Broom Mets,2021-03-03,1,Stone Timberwolves,8,7,10,5,173,120,178,96
Stone Timberwolves,2021-11-21,17,Brandon Warriors,9,3,7,5,48,198,60,156
Stone Timberwolves,2022-03-15,82,Oswego Cougars,9,2,7,6,60,50,48,156
Stone Timberwolves,2021-09-02,4,Super Salsa,10,7,10,5,48,60,156,198
Super Salsa,2021-09-02,4,Stone Timberwolves,7,10,10,5,41,329,199,108
Stone Timberwolves,2021-08-05,8,Peterborough Bearcats,8,1,10,6,60,48,156,50
Stone Timberwolves,2021-04-13,7,Southeast Nationals,7,1,7,4,50,156,60,198
Stone Timberwolves,2021-07-14,3,Ice Huskies,6,0,5,4,60,50,48,198
Ice Huskies,2021-07-14,3,Stone Timberwolves,0,6,5,1,244,367,6,252
Stone Timberwolves,2020-07-27,44,Thunder Bay Panthers,11,1,7,6,60,48,50,156
Stone Timberwolves,2021-06-29,26,Wexford Beehives,8,0,5,4,50,156,60,198
Stone Timberwolves,2020-10-01,85,Sherwood Park Grads,6,9,10,5,156,198,50,48
Stone Timberwolves,2021-01-30,8,Peterborough Bearcats,7,5,10,3,48,50,156,198
Stone Timberwolves,2020-12-10,85,Sherwood Park Grads,10,4,9,4,60,50,48,156
Stone Timberwolves,2020-10-03,32,Williams Lake Vulcans,7,5,11,5,156,198,48,60
Stone Timberwolves,2021-07-30,96,Vernon Bears,4,6,10,4,198,156,48,60
Stone Timberwolves,2021-11-04,6,Cape Breton Lumberjacks,1,8,9,1,48,60,198,50
Stone Timberwolves,2021-07-02,26,Wexford Beehives,6,0,5,4,48,156,60,50
Stone Timberwolves,2021-08-15,6,Cape Breton Lumberjacks,6,5,10,6,156,60,198,50
Stone Timberwolves,2021-04-12,17,Brandon Warriors,6,3,10,6,198,50,48,156
Stone Timberwolves,2021-06-01,85,Sherwood Park Grads,6,5,11,4,60,50,156,48
Stone Timberwolves,2020-08-05,77,Lanark Festivals,4,7,10,3,60,48,198,156
Stone Timberwolves,2021-04-11,7,Southeast Nationals,8,1,6,4,48,156,50,60
Super Atlantics,2022-04-09,87,South Surrey Canadians,11,3,6,5,380,69,296,78
Super Atlantics,2021-11-03,64,Vancouver Canadiens,8,2,5,4,380,296,69,78
Super Atlantics,2021-12-08,36,Thunder Bay Eaters,8,2,6,5,380,69,296,435
Super Atlantics,2021-11-05,41,Dartmouth Crunch,6,0,6,5,78,296,380,69
Super Atlantics,2022-05-27,68,Vernon Crystals,7,6,10,4,78,380,69,296
Super Atlantics,2022-02-21,103,Riverview Elites,5,6,10,4,435,69,296,78
Super Atlantics,2021-11-11,23,Laval Rousseau 77's,4,6,10,4,78,380,296,69
Super Atlantics,2022-04-05,68,Vernon Crystals,8,3,10,5,296,380,78,69
Super Atlantics,2021-09-25,68,Vernon Crystals,4,8,10,4,69,380,78,296
Super Atlantics,2021-12-05,23,Laval Rousseau 77's,4,1,10,4,296,380,435,69
Super Atlantics,2022-04-20,41,Dartmouth Crunch,9,3,8,6,78,380,296,69
Super Atlantics,2022-03-02,18,Mississauga Cougars,11,0,7,5,435,78,296,380
Super Atlantics,2022-03-13,68,Vernon Crystals,8,1,8,6,69,380,296,78
Super Atlantics,2021-10-06,60,Villanova Terriers,8,2,6,4,380,78,69,296
Super Atlantics,2022-04-13,64,Vancouver Canadiens,6,7,10,4,78,380,296,69
Super Atlantics,2022-04-28,4,Baby Broomers,7,0,5,5,296,78,69,380
Baby Broomers,2022-04-28,4,Super Atlantics,0,7,5,0,68,505,470,20
Super Atlantics,2022-02-04,43,Temiscaming Hawks,8,2,6,4,435,78,380,296
Vancouver Buccaneers,2022-01-01,41,Dartmouth Crunch,3,7,10,2,421,265,393,439
Vancouver Buccaneers,2021-09-16,36,Thunder Bay Eaters,2,7,10,2,265,390,351,393
Vancouver Buccaneers,2022-03-10,41,Dartmouth Crunch,1,8,9,1,265,393,421,439
Vancouver Buccaneers,2022-03-20,53,Toronto 73's,2,7,10,1,439,485,265,421
Vancouver Buccaneers,2021-10-07,4,Baby Broomers,7,10,10,4,390,265,393,351
Baby Broomers,2021-10-07,4,Vancouver Buccaneers,10,7,10,6,372,20,307,68
Vancouver Buccaneers,2022-01-22,86,Cape Breton Rustlers,7,3,10,4,393,351,265,421
Vancouver Buccaneers,2021-11-25,94,Aurora Chiefs,4,6,10,3,390,421,265,351
Vancouver Buccaneers,2021-09-28,52,Ottawa Crunch,6,3,10,6,390,265,393,351
Vancouver Buccaneers,2021-09-29,23,Laval Rousseau 77's,0,9,5,0,265,390,393,351
Vancouver Buccaneers,2021-10-22,52,Ottawa Crunch,6,4,10,5,393,390,265,351
Vancouver Buccaneers,2022-02-18,94,Aurora Chiefs,0,8,5,0,439,265,421,351
Vancouver Buccaneers,2022-01-23,86,Cape Breton Rustlers,1,7,5,1,393,351,421,265
Vancouver Buccaneers,2022-05-15,52,Ottawa Crunch,4,5,10,4,265,485,393,421
Vancouver Buccaneers,2022-05-12,41,Dartmouth Crunch,8,6,10,4,265,439,485,421
Vancouver Buccaneers,2021-10-31,2,Super Atlantics,0,9,5,0,390,265,393,351
Super Atlantics,2021-10-31,2,Vancouver Buccaneers,9,0,5,5,78,380,69,296
Vancouver Buccaneers,2021-11-16,52,Ottawa Crunch,6,3,10,4,351,421,393,390
Vancouver Buccaneers,2022-05-30,87,South Surrey Canadians,4,10,9,2,393,265,485,439
Vancouver Buccaneers,2022-05-11,86,Cape Breton Rustlers,1,11,8,1,485,439,393,265
Vancouver Buccaneers,2022-01-14,41,Dartmouth Crunch,5,3,11,4,351,439,393,421
Vancouver Buccaneers,2021-11-20,4,Baby Broomers,7,1,6,4,393,421,390,265
Baby Broomers,2021-11-20,4,Vancouver Buccaneers,1,7,6,2,372,20,68,307
Vancouver Buccaneers,2022-04-20,18,Mississauga Cougars,3,7,10,3,485,421,265,393
Vancouver Buccaneers,2022-02-28,52,Ottawa Crunch,8,7,11,6,393,265,421,439
Vancouver Buccaneers,2022-03-09,66,Vancouver Flyers,0,6,6,0,439,393,421,265
Vancouver Buccaneers,2021-09-15,66,Vancouver Flyers,3,10,8,3,351,390,393,265
Vancouver Buccaneers,2022-03-16,4,Ice Unicorns,2,6,10,1,485,486,439,421
Ice Unicorns,2022-03-16,4,Vancouver Buccaneers,6,2,10,9,85,55,474,418
Vancouver Buccaneers,2022-04-26,62,Hamilton Tigers,0,7,6,0,439,393,421,265
Vancouver Buccaneers,2022-05-07,86,Cape Breton Rustlers,1,7,5,1,486,393,485,421
Vancouver Fury,2021-07-19,63,Moncton Legionaires,10,3,7,6,331,72,363,185
Vancouver Fury,2021-02-11,4,Montreal Bruins,11,5,7,4,185,294,259,159
Montreal Bruins,2021-02-11,4,Vancouver Fury,5,11,7,3,140,221,46,164
Vancouver Fury,2021-11-26,35,Sidney Eagles,8,5,10,4,331,185,72,259
Vancouver Fury,2021-10-26,1,Cold Travelways,6,0,5,4,331,259,407,294
Cold Travelways,2021-10-26,1,Vancouver Fury,0,6,5,1,226,104,411,318
Vancouver Fury,2021-09-24,69,Sudbury Jets,7,2,10,5,159,363,328,331
Vancouver Fury,2020-07-20,69,Sudbury Jets,6,3,10,5,185,159,72,22
Vancouver Fury,2021-09-30,3,Calgary Rockets,8,6,10,5,331,72,398,328
Calgary Rockets,2021-09-30,3,Vancouver Fury,6,8,10,5,319,200,21,308
Vancouver Fury,2020-08-07,58,Canmore Rats,7,0,6,6,159,185,72,22
Vancouver Fury,2020-08-31,3,Calgary Fleur-de-Lys,8,3,10,6,72,22,159,185
Calgary Fleur-de-Lys,2020-08-31,3,Vancouver Fury,3,8,10,4,123,33,117,63
Vancouver Fury,2022-04-02,25,Chateauguay Canucks,9,1,5,4,407,259,159,398
Vancouver Fury,2021-09-06,1,Cold Travelways,8,0,7,4,331,72,185,294
Cold Travelways,2021-09-06,1,Vancouver Fury,0,8,7,3,201,226,318,104
Vancouver Fury,2021-09-20,84,Windsor Royals,7,4,10,5,72,259,331,185
Vancouver Fury,2021-09-07,0,Toronto Eagles,9,0,5,4,363,72,259,294
Toronto Eagles,2021-09-07,0,Vancouver Fury,0,9,5,1,371,142,325,13
Vancouver Fury,2020-07-04,72,Yorkton Indians,5,11,9,3,185,22,159,72
Vancouver Fury,2021-02-25,10,Melfort Bruins,7,0,6,5,185,159,294,259
Vancouver Fury,2021-12-29,46,Steinbach Oilers,11,4,10,4,331,72,185,159
Vancouver Fury,2021-06-23,69,Sudbury Jets,8,2,6,5,259,331,159,357
Vancouver Fury,2022-04-23,10,Melfort Bruins,10,0,5,5,72,398,331,259
Vancouver Islanders,2021-05-11,47,Halifax Flames,2,9,6,1,322,230,190,149
Vancouver Islanders,2022-05-25,30,Peterborough Jr. Patriots,1,8,6,1,230,190,273,322
Vancouver Islanders,2020-10-15,47,Halifax Flames,1,8,10,1,113,149,230,190
Vancouver Islanders,2021-09-22,61,Pierrefonds Canadians,0,6,6,0,149,190,364,230
Vancouver Islanders,2021-06-30,20,Dartmouth Oland Thunderbirds,3,10,10,3,273,230,149,322
Vancouver Islanders,2021-02-06,97,Pembroke Lumber Express,2,9,8,1,273,113,230,149
Vancouver Islanders,2021-01-04,13,Halifax Team Leafs,1,7,6,1,273,230,190,288
Vancouver Islanders,2021-10-08,40,Kindersley Warriors,0,7,5,0,364,349,273,190
Vancouver Islanders,2020-08-07,92,Toronto Wild,2,7,10,2,230,149,113,190
Vancouver Islanders,2021-04-10,48,Halifax A's,0,6,6,0,113,190,230,322
Vancouver Islanders,2021-07-01,97,Pembroke Lumber Express,5,7,10,2,322,273,190,230
Vancouver Islanders,2021-06-14,1,Game of Stones,0,7,5,0,349,190,322,149
Game of Stones,2021-06-14,1,Vancouver Islanders,7,0,5,5,285,316,58,231
Vancouver Islanders,2021-05-05,28,Thunder Bay Thunder,0,8,7,0,273,190,322,230
Vancouver Islanders,2020-08-16,51,Richmond Hill Tondas,1,9,10,1,113,190,149,230
Vancouver Islanders,2020-11-30,51,Richmond Hill Tondas,0,7,5,0,113,273,230,190
Vancouver Islanders,2021-11-09,30,Peterborough Jr. Patriots,0,8,5,0,190,230,364,349
Stone Mariners,2020-07-14,49,North Sydney Spitfires,7,1,7,4,217,157,74,25
Stone Mariners,2020-08-04,77,Lanark Festivals,1,7,6,1,25,217,157,9
Stone Mariners,2020-12-27,77,Lanark Festivals,6,7,10,3,74,9,277,157
Stone Mariners,2021-10-02,74,Port-aux-Basques Buccaneers,2,6,10,2,245,157,277,251
Stone Mariners,2021-10-16,1,Ottawa Greys,1,8,9,1,251,217,157,245
Ottawa Greys,2021-10-16,1,Stone Mariners,8,1,9,8,24,176,392,352
Stone Mariners,2022-05-16,89,Williams Lake Warriors,0,9,5,0,440,157,245,277
Stone Mariners,2020-09-11,6,Cape Breton Lumberjacks,3,6,10,2,157,9,74,25
Stone Mariners,2020-07-28,74,Port-aux-Basques Buccaneers,5,7,11,4,9,157,74,217
Stone Mariners,2022-05-18,85,Sherwood Park Grads,0,6,5,0,440,157,245,277
Stone Mariners,2021-12-07,1,Ottawa Kiltys,4,5,10,2,245,440,277,157
Ottawa Kiltys,2021-12-07,1,Stone Mariners,5,4,10,8,395,42,220,409
Stone Mariners,2020-10-01,85,Sherwood Park Grads,0,10,5,0,25,9,217,74
Stone Mariners,2020-11-09,38,Espanola Screaming Crystals,4,6,10,3,251,245,269,9
Stone Mariners,2022-02-25,89,Williams Lake Warriors,0,7,8,0,478,157,245,440
Stone Mariners,2022-02-03,1,Ottawa Greys,3,10,9,2,245,440,277,157
Ottawa Greys,2022-02-03,1,Stone Mariners,10,3,9,7,24,392,352,95
Stone Mariners,2022-04-06,78,Halifax Oland Centennials,4,7,10,2,157,478,440,277
Stone Mariners,2020-10-03,1,Ice Dodgers,9,6,10,5,9,157,217,74
Ice Dodgers,2020-10-03,1,Stone Mariners,6,9,10,5,137,174,131,211
Stone Mariners,2022-02-14,3,Ice Huskies,3,9,5,2,157,245,277,440
Ice Huskies,2022-02-14,3,Stone Mariners,9,3,5,3,6,244,367,252
Stone Mariners,2021-01-17,38,Espanola Screaming Crystals,0,6,5,0,277,217,9,269
Stone Mariners,2020-11-02,1,Ice Dodgers,3,9,7,1,245,269,9,157
Ice Dodgers,2020-11-02,1,Stone Mariners,9,3,7,6,137,131,211,174
Stone Mariners,2021-03-05,77,Lanark Festivals,0,8,5,0,277,251,9,217
Stone Mariners,2021-10-21,2,Stone Timberwolves,0,5,10,0,277,245,217,157
Stone Timberwolves,2021-10-21,2,Stone Mariners,5,0,10,10,50,198,60,156
Stone Mariners,2020-08-01,89,Williams Lake Warriors,0,6,7,0,74,217,9,25
Stone Mariners,2020-12-19,14,Battleford Greys,0,7,6,0,277,157,9,74
Stone Mariners,2021-05-17,26,Wexford Beehives,1,7,6,1,245,9,74,251
Stone Mariners,2020-08-11,78,Halifax Oland Centennials,4,12,10,2,217,9,157,25
Stone Mariners,2021-04-20,78,Halifax Oland Centennials,4,8,10,3,277,217,251,269
Stone Mariners,2021-12-15,96,Vernon Bears,2,9,7,1,277,157,440,245
Stone Mariners,2021-08-10,26,Wexford Beehives,1,7,7,1,217,157,251,269
Stone Mariners,2020-07-27,96,Vernon Bears,2,10,8,1,9,74,217,157
Ice Huskies,2022-05-25,74,Port-aux-Basques Buccaneers,1,7,6,1,244,399,367,252
Ice Huskies,2022-02-06,8,Peterborough Bearcats,4,7,10,4,367,399,244,6
Ice Huskies,2021-12-31,1,Ice Dodgers,2,8,5,1,399,6,252,367
Ice Dodgers,2021-12-31,1,Ice Huskies,8,2,5,4,174,131,211,286
Ice Huskies,2022-01-29,1,Ottawa Greys,5,4,10,3,367,252,6,244
Ottawa Greys,2022-01-29,1,Ice Huskies,4,5,10,7,176,95,352,24
Ice Huskies,2021-08-25,65,Winnipeg Beehives,6,7,10,3,6,367,252,244
Ice Huskies,2022-01-27,8,Peterborough Bearcats,5,8,10,3,252,399,367,244
Ice Huskies,2021-09-29,78,Halifax Oland Centennials,5,7,10,2,252,399,6,367
Ice Huskies,2021-11-17,85,Sherwood Park Grads,1,8,7,1,367,6,244,252
Ice Huskies,2022-02-21,74,Port-aux-Basques Buccaneers,0,7,6,0,367,252,6,399
Ice Huskies,2021-11-22,49,North Sydney Spitfires,0,7,6,0,6,252,399,244
Ice Huskies,2022-02-16,82,Oswego Cougars,5,3,10,5,367,399,6,252
Ice Huskies,2022-02-19,7,Southeast Nationals,6,5,12,4,244,399,367,252
Ice Huskies,2022-01-10,24,Sidney Terriers,4,7,10,4,399,252,244,367
Ice Huskies,2022-03-02,44,Thunder Bay Panthers,3,2,10,3,244,367,399,252
Ice Huskies,2021-07-30,54,Saskatoon Rams,0,10,5,0,244,6,252,367
Ice Huskies,2021-11-14,85,Sherwood Park Grads,0,8,6,0,6,244,367,252
Ice Huskies,2022-02-23,74,Port-aux-Basques Buccaneers,1,12,7,1,252,6,367,399
Ice Huskies,2021-09-29,78,Halifax Oland Centennials,4,7,10,3,399,6,252,367
Ice Huskies,2022-01-31,78,Halifax Oland Centennials,3,9,8,1,252,367,6,244
Ice Huskies,2021-09-02,1,Broom Mets,7,8,11,3,6,244,367,252
Broom Mets,2021-09-02,1,Ice Huskies,8,7,11,8,178,173,188,120
Ice Huskies,2021-08-14,26,Wexford Beehives,3,5,10,2,252,6,367,244
Ice Huskies,2021-10-22,89,Williams Lake Warriors,0,7,5,0,399,244,6,252
Ice Huskies,2022-04-09,78,Halifax Oland Centennials,1,7,5,1,367,399,6,252
Ice Huskies,2022-05-10,85,Sherwood Park Grads,0,8,5,0,399,252,367,244
Ice Huskies,2021-10-28,3,Stone Mariners,6,3,10,5,6,252,244,399
Stone Mariners,2021-10-28,3,Ice Huskies,3,6,10,5,217,157,245,277
Calgary Metros,2022-01-30,64,Vancouver Canadiens,6,7,10,3,39,453,456,460
Calgary Metros,2022-04-02,36,Thunder Bay Eaters,5,1,10,5,93,39,460,456
Calgary Metros,2022-04-07,60,Villanova Terriers,6,0,6,3,456,39,93,460
Calgary Metros,2022-03-23,0,Cold Islanders,7,1,5,4,460,456,39,453
Cold Islanders,2022-03-23,0,Calgary Metros,1,7,5,1,215,241,147,291
Calgary Metros,2022-01-26,94,Aurora Chiefs,5,3,10,4,460,39,453,456
Calgary Metros,2022-03-31,94,Aurora Chiefs,10,4,9,6,93,39,460,456
Calgary Metros,2022-01-03,4,Baby Broomers,10,3,8,6,39,453,396,93
Baby Broomers,2022-01-03,4,Calgary Metros,3,10,8,2,307,68,20,372
Calgary Metros,2022-03-24,2,Super Atlantics,7,4,10,3,453,456,93,460
Super Atlantics,2022-03-24,2,Calgary Metros,4,7,10,7,78,380,69,296
Calgary Metros,2022-04-16,68,Vernon Crystals,2,9,6,1,93,39,456,460
Calgary Metros,2022-01-26,23,Laval Rousseau 77's,4,8,10,3,39,460,453,93
Calgary Metros,2022-02-27,53,Toronto 73's,8,1,5,4,456,460,39,93
Calgary Metros,2022-04-15,53,Toronto 73's,6,5,11,4,39,93,460,456
Calgary Metros,2022-03-29,64,Vancouver Canadiens,9,5,10,5,456,93,460,39
Calgary Metros,2022-04-11,41,Dartmouth Crunch,8,0,7,6,456,93,460,39
Calgary Metros,2022-05-29,23,Laval Rousseau 77's,5,7,10,4,460,456,93,39
Calgary Metros,2022-05-26,53,Toronto 73's,7,1,5,4,39,93,456,460
Calgary Metros,2022-04-07,4,Baby Broomers,7,0,5,4,93,39,456,460
Baby Broomers,2022-04-07,4,Calgary Metros,0,7,5,1,372,505,470,68
Calgary Metros,2022-04-14,86,Cape Breton Rustlers,8,2,5,4,93,460,39,456
Calgary Metros,2022-04-30,4,Montreal Lasers,5,3,10,4,456,460,39,93
Montreal Lasers,2022-04-30,4,Calgary Metros,3,5,10,6,136,254,487,437
Rolling Stones,2022-05-24,4,Montreal Lasers,12,1,9,6,449,544,208,153
Montreal Lasers,2022-05-24,4,Rolling Stones,1,12,9,3,487,14,254,136
Rolling Stones,2022-05-25,66,Vancouver Flyers,7,5,10,5,153,449,544,208
Rolling Stones,2022-01-19,41,Dartmouth Crunch,12,2,8,5,153,449,284,208
Rolling Stones,2022-01-19,62,Hamilton Tigers,7,2,10,5,284,153,449,208
Rolling Stones,2022-01-04,62,Hamilton Tigers,9,1,9,7,153,284,449,208
Rolling Stones,2022-02-04,68,Vernon Crystals,1,7,5,1,208,153,284,449
Rolling Stones,2022-05-25,60,Villanova Terriers,8,3,10,6,449,208,544,153
Rolling Stones,2022-01-01,4,Montreal Lasers,10,3,8,6,449,284,153,208
Montreal Lasers,2022-01-01,4,Rolling Stones,3,10,8,2,254,136,437,414
Rolling Stones,2022-01-28,66,Vancouver Flyers,9,0,7,5,284,208,449,153
Rolling Stones,2022-02-05,52,Ottawa Crunch,7,0,5,5,153,208,284,449
Rolling Stones,2022-02-05,87,South Surrey Canadians,6,0,5,5,153,284,449,208
Rolling Stones,2022-01-31,4,Montreal Lasers,5,14,9,2,284,153,449,208
Montreal Lasers,2022-01-31,4,Rolling Stones,14,5,9,7,332,437,136,14
Rolling Stones,2021-12-25,18,Mississauga Cougars,6,0,7,4,208,449,153,284
Rolling Stones,2022-01-06,0,Cold Islanders,0,8,5,0,449,208,153,284
Cold Islanders,2022-01-06,0,Rolling Stones,8,0,5,5,215,121,291,241
Rolling Stones,2022-01-18,83,North York Capitals,7,5,10,5,449,153,208,284
Rolling Stones,2022-01-25,43,Temiscaming Hawks,8,2,8,5,208,449,153,284
Rolling Stones,2022-01-01,43,Temiscaming Hawks,7,1,5,3,153,284,208,449
Rolling Stones,2022-05-28,34,Markham Rebels,8,2,9,6,208,449,544,153
Rolling Stones,2022-01-28,91,La Salle Eagles,5,6,11,5,284,208,449,153
Rolling Stones,2022-01-11,91,La Salle Eagles,12,0,5,5,449,153,208,284
Rolling Stones,2022-05-31,23,Laval Rousseau 77's,3,5,10,3,153,449,544,208
Rolling Stones,2022-05-31,2,Super Atlantics,8,3,10,7,544,449,153,208
Super Atlantics,2022-05-31,2,Rolling Stones,3,8,10,3,380,296,69,78
Rolling Stones,2022-01-04,43,Temiscaming Hawks,6,3,10,4,449,153,208,284
Rolling Stones,2022-05-27,2,Vancouver Buccaneers,6,0,7,5,449,153,208,544
Vancouver Buccaneers,2022-05-27,2,Rolling Stones,0,6,7,2,265,421,393,485
Rolling Stones,2022-01-12,36,Thunder Bay Eaters,9,4,10,6,284,449,208,153
Rolling Stones,2022-02-08,52,Ottawa Crunch,8,4,10,4,208,284,449,153
Rolling Stones,2022-01-27,4,Montreal Lasers,4,6,10,3,284,208,153,449
Montreal Lasers,2022-01-27,4,Rolling Stones,6,4,10,7,136,254,414,332
Calgary Cougars,2021-08-22,31,Thunder Bay Dogs,4,10,9,2,119,124,347,202
Calgary Cougars,2021-04-19,21,Victoria Thunder,5,3,10,3,124,257,227,202
Calgary Cougars,2021-01-28,4,Montreal Bruins,3,7,10,2,257,119,124,202
Montreal Bruins,2021-01-28,4,Calgary Cougars,7,3,10,8,36,140,109,46
Calgary Cougars,2020-11-30,42,Vancouver Jr. Terriers,7,4,10,4,202,119,124,227
Calgary Cougars,2021-04-27,99,Bellingham Travelways,9,5,10,4,227,202,124,257
Calgary Cougars,2020-09-21,102,Nickel Centre Terriers,5,9,10,3,202,227,119,124
Calgary Cougars,2021-04-09,76,Whitby Lakers,6,7,11,4,124,202,119,257
Calgary Cougars,2021-08-26,76,Whitby Lakers,3,9,8,2,119,227,124,202
Calgary Cougars,2021-03-04,46,Steinbach Oilers,10,5,10,6,227,124,257,119
Calgary Cougars,2021-12-11,84,Windsor Royals,0,7,5,0,119,202,430,347
Calgary Cougars,2021-02-11,3,Calgary Rockets,0,7,7,0,119,257,124,202
Calgary Rockets,2021-02-11,3,Calgary Cougars,7,0,7,7,200,61,21,308
Calgary Cougars,2022-01-23,3,Calgary Fleur-de-Lys,3,6,10,3,347,227,430,202
Calgary Fleur-de-Lys,2022-01-23,3,Calgary Cougars,6,3,10,7,117,33,123,412
Calgary Cougars,2021-06-29,25,Chateauguay Canucks,0,7,5,0,347,119,124,202
Calgary Cougars,2022-03-07,21,Victoria Thunder,6,3,10,4,119,430,227,347
Calgary Cougars,2021-02-26,10,Melfort Bruins,8,7,10,5,202,227,124,257
Calgary Cougars,2022-04-20,10,Melfort Bruins,8,10,12,6,347,227,430,202
Calgary Cougars,2022-04-25,63,Moncton Legionaires,2,6,10,2,430,347,227,202
Calgary Cougars,2022-03-13,72,Yorkton Indians,6,5,11,5,347,430,119,202
Calgary Cougars,2020-12-03,99,Bellingham Travelways,4,5,11,3,119,257,124,202
Calgary Cougars,2021-07-14,4,Montreal Bruins,2,8,7,1,347,119,227,124
Montreal Bruins,2021-07-14,4,Calgary Cougars,8,2,7,6,46,140,164,109
Calgary Cougars,2021-05-18,42,Vancouver Jr. Terriers,8,7,10,5,202,257,227,124
Calgary Cougars,2021-01-31,72,Yorkton Indians,8,9,11,3,124,227,257,202
Calgary Cougars,2021-06-27,84,Windsor Royals,12,4,7,4,119,124,202,227
Calgary Cougars,2020-10-19,76,Whitby Lakers,4,5,10,4,119,202,257,227
Calgary Cougars,2022-02-27,35,Sidney Eagles,1,7,7,1,227,430,119,347
Calgary Cougars,2021-10-24,99,Bellingham Travelways,7,6,11,3,227,347,119,202
Calgary Cougars,2020-11-29,69,Sudbury Jets,7,8,11,5,124,202,227,119
Calgary Cougars,2021-09-21,69,Sudbury Jets,5,6,10,4,119,124,347,202
Calgary Cougars,2020-10-15,102,Nickel Centre Terriers,7,4,10,4,119,257,124,202
Calgary Cougars,2021-11-12,4,Montreal Raiders,3,5,10,2,227,119,124,347
Montreal Raiders,2021-11-12,4,Calgary Cougars,5,3,10,8,115,301,343,182
Calgary Cougars,2020-09-30,72,Yorkton Indians,7,8,10,4,124,227,202,119
Calgary Cougars,2020-08-14,76,Whitby Lakers,7,6,10,5,119,202,124,227
Calgary Cougars,2021-06-10,99,Bellingham Travelways,5,6,10,4,202,124,119,347
Calgary Cougars,2021-11-10,42,Vancouver Jr. Terriers,7,5,10,4,119,347,124,202
Calgary Cougars,2021-02-07,0,Toronto Eagles,10,5,10,5,227,257,124,202
Toronto Eagles,2021-02-07,0,Calgary Cougars,5,10,10,5,267,142,13,155
Calgary Cougars,2021-06-27,102,Nickel Centre Terriers,9,4,10,5,227,119,202,347
Calgary Cubs,2021-05-19,4,Cold Colts,9,4,10,4,305,26,256,224
Cold Colts,2021-05-19,4,Calgary Cubs,4,9,10,6,279,89,11,235
Calgary Cubs,2021-05-13,1,Ottawa Victorias,9,5,10,6,305,224,26,256
Ottawa Victorias,2021-05-13,1,Calgary Cubs,5,9,10,4,222,228,287,249
Calgary Cubs,2022-05-19,3,Calgary Cougars,7,9,10,4,26,459,224,256
Calgary Cougars,2022-05-19,3,Calgary Cubs,9,7,10,6,202,347,430,227
Calgary Cubs,2021-12-20,35,Sidney Eagles,4,10,9,2,224,305,256,26
Calgary Cubs,2021-01-06,21,Victoria Thunder,3,7,10,2,26,272,256,224
Calgary Cubs,2020-12-30,0,Toronto Eagles,7,5,10,5,256,272,224,26
Toronto Eagles,2020-12-30,0,Calgary Cubs,5,7,10,5,267,155,13,142
Calgary Cubs,2021-01-03,1,Cold Travelways,11,3,9,7,256,26,272,224
Cold Travelways,2021-01-03,1,Calgary Cubs,3,11,9,2,226,104,201,247
Calgary Cubs,2021-09-06,3,Calgary Rockets,0,8,6,0,224,26,305,256
Calgary Rockets,2021-09-06,3,Calgary Cubs,8,0,6,6,61,382,358,200
Calgary Cubs,2021-07-31,4,Cold Colts,2,10,7,1,224,256,356,26
Cold Colts,2021-07-31,4,Calgary Cubs,10,2,7,6,235,11,279,44
Calgary Cubs,2021-07-13,46,Steinbach Oilers,7,0,6,4,224,356,256,26
Calgary Cubs,2021-05-30,69,Sudbury Jets,3,9,10,2,256,26,305,224
Calgary Cubs,2022-05-22,0,Toronto Eagles,7,1,6,5,459,26,224,256
Toronto Eagles,2022-05-22,0,Calgary Cubs,1,7,6,1,528,142,371,422
Calgary Cubs,2021-12-29,35,Sidney Eagles,4,9,10,2,256,224,305,26
Calgary Cubs,2021-09-30,4,Cold Colts,6,9,10,4,356,224,305,256
Cold Colts,2021-09-30,4,Calgary Cubs,9,6,10,6,45,44,11,235
Calgary Cubs,2021-08-10,1,Ottawa Victorias,7,2,10,6,305,256,356,26
Ottawa Victorias,2021-08-10,1,Calgary Cubs,2,7,10,4,118,228,207,287
Calgary Cubs,2021-02-16,2,Vancouver Fury,3,4,10,3,224,305,272,256
Vancouver Fury,2021-02-16,2,Calgary Cubs,4,3,10,7,294,185,159,72
Calgary Cubs,2021-09-14,58,Canmore Rats,8,4,10,6,26,305,224,256
Calgary Cubs,2022-03-08,4,Ice Bulls,11,2,8,5,26,224,459,256
Ice Bulls,2022-03-08,4,Calgary Cubs,2,11,8,3,419,337,326,443
Calgary Cubs,2021-12-12,4,Ice Bulls,9,2,8,4,256,305,224,26
Ice Bulls,2021-12-12,4,Calgary Cubs,2,9,8,4,18,337,419,326
Calgary Cubs,2021-11-22,1,Ottawa Victorias,7,5,10,5,26,256,356,224
Ottawa Victorias,2021-11-22,1,Calgary Cubs,5,7,10,5,228,249,287,222
Calgary Cubs,2021-10-25,58,Canmore Rats,6,0,5,2,224,26,356,305
Calgary Cubs,2022-03-27,102,Nickel Centre Terriers,7,6,10,5,256,224,26,459
Calgary Cubs,2021-03-15,0,Toronto Eagles,9,1,6,4,305,272,26,256
Toronto Eagles,2021-03-15,0,Calgary Cubs,1,9,6,2,267,155,13,142
Calgary Cubs,2021-11-06,10,Melfort Bruins,9,2,6,4,356,26,224,305
Calgary Cubs,2022-03-15,99,Bellingham Travelways,4,7,10,3,305,26,224,256
Calgary Cubs,2021-03-19,3,Calgary Fleur-de-Lys,1,7,6,1,305,272,26,256
Calgary Fleur-de-Lys,2021-03-19,3,Calgary Cubs,7,1,6,5,33,183,117,63
Calgary Cubs,2021-07-12,0,Toronto Eagles,10,1,8,5,256,356,26,305
Toronto Eagles,2021-07-12,0,Calgary Cubs,1,10,8,3,267,142,13,325
Calgary Cubs,2021-04-30,42,Vancouver Jr. Terriers,5,2,10,5,26,305,224,256
Calgary Cubs,2022-02-24,3,Calgary Rockets,3,7,10,1,459,305,26,224
Calgary Rockets,2022-02-24,3,Calgary Cubs,7,3,10,9,323,200,308,21
Calgary Cubs,2022-01-13,63,Moncton Legionaires,9,6,10,5,305,224,459,256
Calgary Cubs,2022-03-07,10,Melfort Bruins,7,5,10,5,256,224,459,305
Calgary Fleur-de-Lys,2022-01-27,3,Calgary Cubs,3,5,10,2,183,123,117,33
Calgary Cubs,2022-01-27,3,Calgary Fleur-de-Lys,5,3,10,8,459,256,26,224
Calgary Fleur-de-Lys,2021-03-06,35,Sidney Eagles,7,4,10,4,183,33,63,117
Calgary Fleur-de-Lys,2021-11-14,63,Moncton Legionaires,7,6,10,4,117,183,123,33
Calgary Fleur-de-Lys,2021-11-04,4,Cold Colts,1,8,5,1,412,123,63,33
Cold Colts,2021-11-04,4,Calgary Fleur-de-Lys,8,1,5,4,11,44,89,45
Calgary Fleur-de-Lys,2021-09-10,3,Calgary Cubs,2,7,10,2,123,63,183,33
Calgary Cubs,2021-09-10,3,Calgary Fleur-de-Lys,7,2,10,8,305,256,26,356
Calgary Fleur-de-Lys,2021-12-26,76,Whitby Lakers,5,7,10,4,117,63,123,412
Calgary Fleur-de-Lys,2021-07-19,99,Bellingham Travelways,8,0,5,4,117,183,123,63
Calgary Fleur-de-Lys,2022-03-05,2,Vancouver Fury,5,7,10,4,412,123,63,33
Vancouver Fury,2022-03-05,2,Calgary Fleur-de-Lys,7,5,10,6,294,363,259,398
Calgary Fleur-de-Lys,2021-07-10,3,Calgary Cubs,7,3,10,4,117,33,63,123
Calgary Cubs,2021-07-10,3,Calgary Fleur-de-Lys,3,7,10,6,224,256,356,305
Calgary Fleur-de-Lys,2022-03-29,76,Whitby Lakers,7,6,10,4,123,183,63,117
Calgary Fleur-de-Lys,2020-07-13,35,Sidney Eagles,2,8,6,1,33,117,123,183
Calgary Fleur-de-Lys,2021-01-18,4,Cold Colts,3,5,10,3,33,123,117,79
Cold Colts,2021-01-18,4,Calgary Fleur-de-Lys,5,3,10,7,89,279,45,44
Calgary Fleur-de-Lys,2022-02-25,4,Montreal Bruins,2,9,5,1,117,412,33,123
Montreal Bruins,2022-02-25,4,Calgary Fleur-de-Lys,9,2,5,4,164,221,425,46
Calgary Fleur-de-Lys,2021-04-25,4,Montreal Bruins,4,9,10,2,123,117,63,183
Montreal Bruins,2021-04-25,4,Calgary Fleur-de-Lys,9,4,10,8,221,164,46,36
Calgary Fleur-de-Lys,2021-02-28,69,Sudbury Jets,10,4,8,5,117,123,63,183
Calgary Fleur-de-Lys,2021-09-21,10,Melfort Bruins,7,4,10,5,63,33,123,117
Calgary Fleur-de-Lys,2020-01-22,63,Moncton Legionaires,4,6,10,4,79,33,117,123
Calgary Fleur-de-Lys,2021-07-28,25,Chateauguay Canucks,0,7,6,0,117,183,123,63
Calgary Fleur-de-Lys,2021-05-07,99,Bellingham Travelways,7,3,10,6,33,63,123,117
Calgary Fleur-de-Lys,2021-05-12,4,Ice Bulls,7,3,10,4,33,117,63,123
Ice Bulls,2021-05-12,4,Calgary Fleur-de-Lys,3,7,10,6,337,18,326,169
Calgary Fleur-de-Lys,2021-03-12,58,Canmore Rats,9,5,10,6,63,33,123,117
Calgary Fleur-de-Lys,2020-12-09,21,Victoria Thunder,6,8,11,4,123,63,117,33
Calgary Fleur-de-Lys,2021-07-16,4,Ice Bulls,5,4,10,5,117,123,63,183
Ice Bulls,2021-07-16,4,Calgary Fleur-de-Lys,4,5,10,5,326,18,169,337
Calgary Fleur-de-Lys,2022-03-05,58,Canmore Rats,10,3,8,4,412,33,117,123
Calgary Fleur-de-Lys,2022-01-30,76,Whitby Lakers,5,4,10,5,123,63,412,117
Calgary Fleur-de-Lys,2021-10-01,1,Cold Travelways,6,5,10,5,183,63,117,123
Cold Travelways,2021-10-01,1,Calgary Fleur-de-Lys,5,6,10,5,201,226,247,104
Calgary Rockets,2021-04-11,42,Vancouver Jr. Terriers,6,0,5,4,200,21,308,61
Calgary Rockets,2021-05-05,1,Cold Travelways,8,2,6,4,200,61,308,319
Cold Travelways,2021-05-05,1,Calgary Rockets,2,8,6,2,201,318,247,226
Calgary Rockets,2022-02-20,2,Vancouver Fury,8,2,7,3,465,323,21,319
Vancouver Fury,2022-02-20,2,Calgary Rockets,2,8,7,4,331,363,407,398
Calgary Rockets,2021-12-20,72,Yorkton Indians,7,1,7,4,358,319,323,382
Calgary Rockets,2022-03-09,63,Moncton Legionaires,7,1,6,3,465,323,382,200
Calgary Rockets,2021-08-15,58,Canmore Rats,6,0,5,4,319,61,323,200
Calgary Rockets,2021-08-20,4,Ice Bulls,8,0,5,4,319,61,200,323
Ice Bulls,2021-08-20,4,Calgary Rockets,0,8,5,1,326,337,169,18
Calgary Rockets,2021-08-11,102,Nickel Centre Terriers,10,0,5,5,382,21,308,61
Calgary Rockets,2022-05-18,2,Vancouver Fury,8,2,9,6,308,61,358,319
Vancouver Fury,2022-05-18,2,Calgary Rockets,2,8,9,3,363,159,72,331
Calgary Rockets,2021-11-21,102,Nickel Centre Terriers,8,1,9,7,358,308,21,382
Calgary Rockets,2021-04-10,76,Whitby Lakers,0,7,6,0,319,21,308,323
Calgary Rockets,2022-02-27,4,Cold Colts,5,8,11,4,200,382,465,308
Cold Colts,2022-02-27,4,Calgary Rockets,8,5,11,7,235,45,44,11
Calgary Rockets,2021-10-29,3,Calgary Fleur-de-Lys,9,0,7,5,319,61,358,308
Calgary Fleur-de-Lys,2021-10-29,3,Calgary Rockets,0,9,7,2,63,117,183,33
Calgary Rockets,2022-04-22,58,Canmore Rats,9,0,6,5,308,61,319,21
Calgary Rockets,2021-05-25,4,Montreal Bruins,2,12,6,1,61,308,200,323
Montreal Bruins,2021-05-25,4,Calgary Rockets,12,2,6,5,36,164,221,109
Calgary Rockets,2021-03-20,4,Montreal Bruins,1,7,6,1,21,319,308,200
Montreal Bruins,2021-03-20,4,Calgary Rockets,7,1,6,5,36,109,164,140
Calgary Rockets,2021-02-13,25,Chateauguay Canucks,6,5,11,4,61,21,200,308
Calgary Rockets,2021-03-14,3,Calgary Cubs,6,5,11,6,200,21,61,308
Calgary Cubs,2021-03-14,3,Calgary Rockets,5,6,11,5,256,26,272,224
Calgary Rockets,2022-01-16,1,Cold Travelways,6,7,10,5,323,200,61,21
Cold Travelways,2022-01-16,1,Calgary Rockets,7,6,10,5,226,318,104,201
Calgary Rockets,2021-08-03,25,Chateauguay Canucks,12,3,9,7,323,200,61,21
Calgary Rockets,2021-05-16,3,Calgary Cougars,7,0,8,6,21,323,61,200
Calgary Cougars,2021-05-16,3,Calgary Rockets,0,7,8,2,257,202,119,124
Calgary Rockets,2021-05-29,3,Calgary Cougars,7,0,9,5,319,21,200,61
Calgary Cougars,2021-05-29,3,Calgary Rockets,0,7,9,4,347,119,227,124
Calgary Rockets,2021-04-04,102,Nickel Centre Terriers,7,1,7,6,323,61,319,200
Calgary Rockets,2021-05-02,3,Calgary Fleur-de-Lys,8,0,5,5,200,323,61,308
Calgary Fleur-de-Lys,2021-05-02,3,Calgary Rockets,0,8,5,0,33,63,183,117
Calgary Rockets,2021-10-07,1,Cold Travelways,6,4,10,4,21,61,358,382
Cold Travelways,2021-10-07,1,Calgary Rockets,4,6,10,6,318,201,226,104
Calgary Rockets,2022-01-16,42,Vancouver Jr. Terriers,6,0,5,4,319,382,61,308
Calgary Rockets,2022-01-20,102,Nickel Centre Terriers,8,1,5,4,200,323,61,21
Calgary Rockets,2021-11-05,4,Montreal Bruins,11,2,9,7,319,323,308,61
Montreal Bruins,2021-11-05,4,Calgary Rockets,2,11,9,2,221,46,387,164
Calgary Rockets,2021-09-02,63,Moncton Legionaires,7,1,7,4,21,382,200,323
Calgary Rockets,2022-05-29,42,Vancouver Jr. Terriers,8,0,6,5,358,319,21,323
Calgary Rockets,2021-09-04,21,Victoria Thunder,7,3,10,5,382,61,323,358
Calgary Rockets,2021-11-27,84,Windsor Royals,3,4,10,3,308,382,319,200
Calgary Rockets,2021-09-11,99,Bellingham Travelways,6,0,5,4,308,382,61,21
Cold Huskies,2021-10-11,81,Brockville Spirit,6,5,11,5,336,66,172,28
Cold Huskies,2022-04-30,3,Calgary Bruins,9,2,5,4,28,499,348,498
Calgary Bruins,2022-04-30,3,Cold Huskies,2,9,5,1,483,56,384,219
Cold Huskies,2021-10-09,33,Iron Range Penguins,6,5,10,5,66,336,348,172
Cold Huskies,2021-10-16,37,Halifax Oland Vikings,7,9,10,5,172,348,66,336
Cold Huskies,2021-12-04,55,Markham Rockets,8,5,10,4,348,172,66,336
Cold Huskies,2021-12-06,27,Burlington Stampeders,11,5,7,5,66,28,348,172
Cold Huskies,2021-06-28,55,Markham Rockets,5,6,10,3,66,336,348,172
Cold Huskies,2021-10-09,29,Richmond Hill Mets,8,4,10,4,66,336,348,172
Cold Huskies,2022-02-10,55,Markham Rockets,5,9,10,4,66,336,348,28
Cold Huskies,2022-03-25,27,Burlington Stampeders,8,1,6,5,498,28,336,348
Cold Huskies,2022-03-29,95,Fort Garry Eagles,7,1,6,3,348,336,498,66
Cold Huskies,2021-11-23,73,Thunder Bay Flames,5,8,10,3,172,348,336,66
Cold Huskies,2022-04-08,81,Brockville Spirit,6,0,5,5,66,479,348,498
Cold Huskies,2022-02-25,75,New Westminster Thunder,8,6,10,5,28,66,479,348
Cold Huskies,2022-05-08,93,Humboldt Vipers,5,6,10,4,498,66,336,28
Cold Huskies,2021-12-01,9,Trail Smoke Remparts,7,4,10,3,172,336,348,66
Cold Huskies,2022-01-08,95,Fort Garry Eagles,8,1,6,4,172,336,348,66
Cold Huskies,2022-05-15,100,Chilliwack Metros,6,8,10,4,66,522,499,28
Cold Huskies,2021-12-13,39,Charlottetown Schooners,7,4,10,5,28,66,348,172
Cold Huskies,2021-08-28,70,Calgary Marauders,6,0,5,4,336,172,66,348
Cold Huskies,2022-03-13,0,Ice Sabres,7,0,6,4,348,336,66,479
Ice Sabres,2022-03-13,0,Cold Huskies,0,7,6,2,62,145,138,197
Cold Huskies,2021-12-26,33,Iron Range Penguins,1,7,9,1,28,66,172,348
Cold Huskies,2022-02-05,73,Thunder Bay Flames,5,11,9,3,28,66,348,336
Cold Huskies,2021-10-23,93,Humboldt Vipers,7,3,10,5,172,28,66,348
Cold Huskies,2022-04-13,81,Brockville Spirit,9,3,7,4,28,66,479,499
Cold Huskies,2021-07-06,75,New Westminster Thunder,2,9,8,2,348,172,336,66
Cold Huskies,2021-05-31,93,Humboldt Vipers,7,8,10,5,348,28,172,66
Cold Huskies,2021-09-23,55,Markham Rockets,0,7,5,0,28,336,66,172
Cold Huskies,2021-08-20,73,Thunder Bay Flames,3,6,10,3,66,172,348,28
Cold Huskies,2022-02-27,9,Trail Smoke Remparts,3,5,12,3,348,28,66,479
Cold Huskies,2021-09-05,27,Burlington Stampeders,13,2,5,4,66,28,348,172
Cold Huskies,2022-03-19,55,Markham Rockets,9,2,7,6,28,479,66,336
Cold Huskies,2022-05-31,81,Brockville Spirit,9,2,10,6,499,522,348,28
Cold Huskies,2021-09-21,3,Calgary Bruins,7,1,5,4,172,348,66,336
Calgary Bruins,2021-09-21,3,Cold Huskies,1,7,5,1,345,73,219,56
Cold Huskies,2021-06-01,3,Calgary Bruins,2,7,10,2,172,66,28,348
Calgary Bruins,2021-06-01,3,Cold Huskies,7,2,10,8,73,56,345,67
Cold Huskies,2021-10-17,55,Markham Rockets,9,3,8,5,336,172,348,66
Calgary Bruins,2022-05-05,27,Burlington Stampeders,7,1,5,4,56,219,73,384
Calgary Bruins,2021-03-01,75,New Westminster Thunder,5,8,10,2,219,67,73,56
Calgary Bruins,2020-01-10,95,Fort Garry Eagles,6,0,5,4,54,56,73,67
Calgary Bruins,2020-08-20,95,Fort Garry Eagles,7,0,5,4,219,67,54,56
Calgary Bruins,2022-04-07,81,Brockville Spirit,8,3,10,5,56,483,73,219
Calgary Bruins,2020-11-17,55,Markham Rockets,8,2,5,3,67,56,73,219
Calgary Bruins,2021-10-10,39,Charlottetown Schooners,10,1,5,4,384,219,56,73
Calgary Bruins,2021-03-12,81,Brockville Spirit,7,0,6,4,67,219,56,73
Calgary Bruins,2022-02-08,93,Humboldt Vipers,7,4,10,5,56,219,345,73
Calgary Bruins,2021-08-23,93,Humboldt Vipers,5,4,10,5,219,384,56,73
Calgary Bruins,2019-11-08,73,Thunder Bay Flames,5,8,10,4,73,54,67,56
Calgary Bruins,2022-02-25,37,Halifax Oland Vikings,11,5,9,7,384,73,56,345
Calgary Bruins,2020-09-07,100,Chilliwack Metros,9,3,9,7,54,219,56,67
Calgary Bruins,2021-03-11,27,Burlington Stampeders,8,5,10,6,67,219,73,56
Calgary Bruins,2021-10-16,73,Thunder Bay Flames,5,4,10,4,56,73,345,219
Calgary Bruins,2022-05-31,27,Burlington Stampeders,7,0,6,5,56,73,384,483
Calgary Bruins,2020-07-08,33,Iron Range Penguins,6,5,11,5,56,184,54,73
Calgary Bruins,2022-05-02,39,Charlottetown Schooners,7,4,10,5,56,384,345,483
Calgary Bruins,2020-09-25,75,New Westminster Thunder,8,0,5,4,73,67,54,56
Calgary Bruins,2020-07-02,0,Ice Sabres,9,1,6,5,73,184,54,67
Ice Sabres,2020-07-02,0,Calgary Bruins,1,9,6,1,197,205,210,10
Calgary Bruins,2020-01-18,100,Chilliwack Metros,7,1,5,4,67,56,54,73
Calgary Bruins,2020-12-09,75,New Westminster Thunder,12,4,7,5,219,67,56,73
Calgary Bruins,2021-02-27,73,Thunder Bay Flames,1,8,6,1,73,67,219,56
Calgary Bruins,2021-03-11,39,Charlottetown Schooners,5,4,10,3,219,56,73,67
Calgary Bruins,2021-10-07,100,Chilliwack Metros,6,0,5,5,384,345,219,56
Calgary Bruins,2021-10-27,75,New Westminster Thunder,3,7,10,2,73,219,56,384
Calgary Bruins,2020-11-22,100,Chilliwack Metros,6,5,10,5,67,56,73,219
Calgary Bruins,2022-01-21,39,Charlottetown Schooners,3,7,10,3,384,345,73,219
Calgary Bruins,2021-09-13,100,Chilliwack Metros,7,1,7,5,384,73,56,219
Calgary Bruins,2022-05-29,39,Charlottetown Schooners,5,4,10,4,73,384,219,56
Calgary Bruins,2021-08-04,93,Humboldt Vipers,5,6,10,4,73,219,56,345
Calgary Bruins,2021-09-24,0,Ice Sabres,6,0,5,5,56,345,219,384
Ice Sabres,2021-09-24,0,Calgary Bruins,0,6,5,0,138,205,234,197
Calgary Bruins,2020-11-17,39,Charlottetown Schooners,3,8,10,3,219,56,67,73
Calgary Bruins,2020-08-29,73,Thunder Bay Flames,4,8,10,4,54,219,73,67
Calgary Bruins,2022-05-17,73,Thunder Bay Flames,3,5,10,2,483,73,345,56
Calgary Bruins,2022-04-11,39,Charlottetown Schooners,2,10,6,1,345,56,219,384
Montreal Vipers,2022-05-07,2,Curlers Terriers,10,8,10,4,491,29,263,450
Curlers Terriers,2022-05-07,2,Montreal Vipers,8,10,10,6,489,7,278,310
Montreal Vipers,2022-01-17,56,Thetford Mines Blizzard,7,1,6,4,427,452,29,263
Montreal Vipers,2022-04-01,22,Ste. Agathe Flyers,9,1,7,5,427,143,491,452
Montreal Vipers,2022-02-27,0,Toronto Rockets,8,0,5,5,427,29,452,143
Toronto Rockets,2022-02-27,0,Montreal Vipers,0,8,5,0,35,480,424,388
Montreal Vipers,2022-02-22,101,Cape Breton Spartans,10,3,9,5,427,263,452,143
Montreal Vipers,2021-11-27,45,Prince Albert Marrs,5,7,10,2,263,29,427,143
Montreal Vipers,2021-11-27,45,Prince Albert Marrs,10,4,10,7,29,143,263,427
Montreal Vipers,2022-04-09,45,Prince Albert Marrs,7,0,6,4,143,452,263,450
Montreal Vipers,2022-01-22,88,Niagara Falls Filons,6,5,10,5,450,143,263,427
Montreal Vipers,2022-04-30,22,Ste. Agathe Flyers,5,7,10,4,452,450,427,143
Montreal Vipers,2021-11-29,22,Ste. Agathe Flyers,3,9,10,2,427,29,263,143
Montreal Vipers,2022-05-13,88,Niagara Falls Filons,4,8,10,3,450,491,263,427
Montreal Vipers,2022-04-17,19,Rosemont Bears,10,2,7,4,29,143,492,452
Montreal Vipers,2022-04-20,11,Penticton Chiefs,7,0,5,5,263,452,450,427
Montreal Vipers,2022-01-01,2,Broom Hawks,6,7,10,4,427,452,143,450
Broom Hawks,2022-01-01,2,Montreal Vipers,7,6,10,6,436,333,65,264
Montreal Vipers,2022-02-22,0,Toronto Rockets,9,5,10,5,450,29,452,263
Toronto Rockets,2022-02-22,0,Montreal Vipers,5,9,10,5,388,480,35,473
Montreal Vipers,2022-01-02,11,Penticton Chiefs,6,1,10,4,143,427,450,29
Montreal Vipers,2022-03-15,0,Toronto Rockets,6,0,6,4,263,29,491,427
Toronto Rockets,2022-03-15,0,Montreal Vipers,0,6,6,2,473,388,35,480
Montreal Vipers,2021-11-24,2,Super Lords,8,7,10,6,263,143,427,29
Super Lords,2021-11-24,2,Montreal Vipers,7,8,10,4,214,5,88,402
Montreal Vipers,2022-03-23,45,Prince Albert Marrs,4,9,10,3,29,452,263,143
Montreal Vipers,2022-02-16,88,Niagara Falls Filons,3,8,10,2,450,452,143,29
Montreal Vipers,2022-02-14,5,Port Hope Islanders,8,1,5,4,452,29,143,263
Montreal Vipers,2022-03-28,45,Prince Albert Marrs,8,5,10,5,143,492,427,263
Montreal Vipers,2022-02-23,56,Thetford Mines Blizzard,6,5,10,5,263,452,143,29
Montreal Vipers,2022-05-28,67,Edmonton Maple Predators,4,5,10,3,263,427,450,452
Montreal Vipers,2022-03-01,19,Rosemont Bears,12,0,5,5,29,427,450,263
Montreal Vipers,2021-12-08,22,Ste. Agathe Flyers,1,7,6,1,427,143,263,29
Montreal Vipers,2022-02-10,56,Thetford Mines Blizzard,6,4,10,3,143,452,263,427
Montreal Vipers,2022-04-12,101,Cape Breton Spartans,7,1,6,5,491,427,29,492
Montreal Braves,2021-08-06,2,Broom Hawks,6,8,10,4,304,194,92,152
Broom Hawks,2021-08-06,2,Montreal Braves,8,6,10,6,65,242,264,311
Montreal Braves,2022-03-06,0,Toronto Rockets,9,0,5,4,445,415,194,152
Toronto Rockets,2022-03-06,0,Montreal Braves,0,9,5,1,473,388,424,35
Montreal Braves,2021-12-13,79,Pembroke Lumber Bears,5,6,10,5,304,92,415,194
Montreal Braves,2021-02-25,98,Aurora Canadians,6,5,11,5,194,304,92,152
Montreal Braves,2022-04-15,2,Super Lords,11,3,7,5,152,415,304,92
Super Lords,2022-04-15,2,Montreal Braves,3,11,7,2,214,5,88,381
Montreal Braves,2021-08-31,59,Thunder Bay Patriots,4,3,10,3,194,92,152,304
Montreal Braves,2021-06-12,98,Aurora Canadians,1,7,5,1,152,304,92,194
Montreal Braves,2021-03-18,98,Aurora Canadians,2,9,8,1,304,194,152,92
Montreal Braves,2021-04-11,11,Penticton Chiefs,5,3,10,4,194,304,152,92
Montreal Braves,2021-03-27,101,Cape Breton Spartans,5,1,10,4,92,304,152,194
Montreal Braves,2022-03-29,79,Pembroke Lumber Bears,2,10,6,1,415,152,194,92
Montreal Braves,2021-06-12,19,Rosemont Bears,7,3,10,5,304,92,194,152
Montreal Braves,2021-07-31,56,Thetford Mines Blizzard,8,1,8,5,304,92,152,194
Montreal Braves,2021-02-25,19,Rosemont Bears,6,0,5,4,92,152,194,304
Montreal Braves,2021-02-01,56,Thetford Mines Blizzard,7,1,6,4,152,304,194,92
Montreal Braves,2022-04-15,79,Pembroke Lumber Bears,7,8,10,4,445,194,304,415
Montreal Braves,2022-01-22,5,Port Hope Islanders,7,5,10,4,445,304,415,194
Montreal Braves,2021-04-05,11,Penticton Chiefs,8,2,7,4,194,152,304,92
Montreal Braves,2022-01-18,11,Penticton Chiefs,7,0,6,5,152,304,445,194
Montreal Braves,2022-05-29,98,Aurora Canadians,11,5,9,6,152,194,520,415
Montreal Braves,2021-02-25,88,Niagara Falls Filons,7,2,10,5,152,304,194,92
Montreal Braves,2022-05-31,67,Edmonton Maple Predators,8,1,5,4,194,152,92,304
Montreal Braves,2022-05-15,5,Port Hope Islanders,10,2,9,7,194,415,92,304
Super Salsa,2021-06-04,78,Halifax Oland Centennials,0,6,6,0,41,168,329,154
Super Salsa,2022-04-12,3,Ice Huskies,6,0,7,5,108,41,467,141
Ice Huskies,2022-04-12,3,Super Salsa,0,6,7,2,244,252,367,399
Super Salsa,2021-10-08,82,Oswego Cougars,9,2,6,5,154,199,41,329
Super Salsa,2020-12-28,26,Wexford Beehives,7,1,6,5,199,108,154,41
Super Salsa,2021-01-22,1,Ottawa Greys,6,4,10,4,199,41,108,154
Ottawa Greys,2021-01-22,1,Super Salsa,4,6,10,6,176,82,95,24
Super Salsa,2021-11-13,50,Ajax Sports,7,6,11,5,141,329,199,386
Super Salsa,2021-03-19,24,Sidney Terriers,11,4,8,6,141,168,108,154
Super Salsa,2021-12-03,6,Cape Breton Lumberjacks,6,5,10,5,108,168,386,141
Super Salsa,2020-11-18,1,Ottawa Greys,8,6,10,4,168,108,41,141
Ottawa Greys,2020-11-18,1,Super Salsa,6,8,10,6,24,176,82,95
Super Salsa,2020-09-23,17,Brandon Warriors,5,4,11,5,108,141,41,168
Super Salsa,2021-11-09,32,Williams Lake Vulcans,7,4,10,3,154,108,386,141
Super Salsa,2022-05-23,2,Stone Timberwolves,7,6,10,4,467,108,168,41
Stone Timberwolves,2022-05-23,2,Super Salsa,6,7,10,6,495,454,198,156
Super Salsa,2020-08-31,3,Stone Mariners,7,1,9,6,168,154,199,108
Stone Mariners,2020-08-31,3,Super Salsa,1,7,9,3,217,9,245,157
Super Salsa,2021-07-07,14,Battleford Greys,5,2,10,3,199,329,168,41
Super Salsa,2020-09-15,57,New Waterford Pack,6,0,5,4,108,199,168,154
Super Salsa,2021-06-08,49,North Sydney Spitfires,2,9,9,2,108,168,329,141
Super Salsa,2020-07-31,96,Vernon Bears,5,10,10,3,154,41,168,199
Super Salsa,2021-07-25,90,Langley Hawks,6,1,10,5,329,108,41,199
Super Salsa,2021-05-29,8,Peterborough Bearcats,9,5,10,5,329,154,168,141
Super Salsa,2021-10-11,57,New Waterford Pack,8,0,5,5,386,154,41,141
Super Salsa,2022-02-10,96,Vernon Bears,6,4,10,4,329,199,41,108
Super Salsa,2020-07-05,96,Vernon Bears,0,7,5,0,41,199,108,168
Super Salsa,2021-08-28,96,Vernon Bears,12,2,7,5,168,329,199,386
Super Salsa,2020-10-22,1,Broom Mets,7,1,7,5,154,108,141,168
Broom Mets,2020-10-22,1,Super Salsa,1,7,7,2,120,188,173,96
Super Salsa,2022-02-16,77,Lanark Festivals,8,1,9,5,108,41,386,329
Super Salsa,2021-06-24,54,Saskatoon Rams,4,6,10,3,141,41,199,329
Super Salsa,2022-04-20,1,Ice Dodgers,7,5,10,4,467,108,199,329
Ice Dodgers,2022-04-20,1,Super Salsa,5,7,10,6,174,335,137,286
Super Salsa,2021-04-07,49,North Sydney Spitfires,7,9,10,4,108,154,168,41
Baby Broomers,2022-03-16,103,Riverview Elites,5,7,12,2,20,470,68,372
Baby Broomers,2021-11-07,18,Mississauga Cougars,7,1,8,5,307,20,68,372
Baby Broomers,2022-04-10,41,Dartmouth Crunch,4,9,10,3,20,505,68,470
Baby Broomers,2022-04-08,68,Vernon Crystals,0,6,6,0,20,470,372,68
Baby Broomers,2021-07-29,66,Vancouver Flyers,5,3,10,3,20,307,372,68
Baby Broomers,2022-04-21,43,Temiscaming Hawks,4,6,10,4,372,68,20,470
Baby Broomers,2021-11-30,34,Markham Rebels,8,4,10,3,20,307,372,68
Baby Broomers,2022-02-20,87,South Surrey Canadians,7,3,10,5,470,372,20,68
Baby Broomers,2021-09-09,18,Mississauga Cougars,9,2,10,7,372,20,307,68
Baby Broomers,2021-12-01,52,Ottawa Crunch,5,3,10,4,372,68,20,307
Baby Broomers,2021-12-23,0,Cold Islanders,0,8,5,0,20,372,307,68
Cold Islanders,2021-12-23,0,Baby Broomers,8,0,5,5,215,102,291,379
Baby Broomers,2022-02-11,18,Mississauga Cougars,7,1,6,4,470,68,372,20
Baby Broomers,2021-11-17,2,Vancouver Buccaneers,3,8,10,2,307,372,68,20
Vancouver Buccaneers,2021-11-17,2,Baby Broomers,8,3,10,8,390,421,351,265
Baby Broomers,2022-04-02,34,Markham Rebels,6,2,10,6,20,68,470,372
Baby Broomers,2022-01-27,52,Ottawa Crunch,6,7,11,4,307,68,20,372
Montreal Lasers,2021-01-18,18,Mississauga Cougars,10,0,5,5,14,136,254,114
Montreal Lasers,2020-11-13,52,Ottawa Crunch,8,2,8,6,114,14,136,254
Montreal Lasers,2020-11-20,18,Mississauga Cougars,6,3,10,5,166,136,114,254
Montreal Lasers,2021-03-09,60,Villanova Terriers,2,9,8,2,254,14,136,191
Montreal Lasers,2021-08-05,62,Hamilton Tigers,7,4,10,5,166,191,14,332
Montreal Lasers,2021-08-18,23,Laval Rousseau 77's,4,6,10,3,114,14,191,166
Montreal Lasers,2022-05-23,23,Laval Rousseau 77's,2,11,9,1,14,166,114,487
Montreal Lasers,2021-03-05,36,Thunder Bay Eaters,2,13,9,2,136,254,114,14
Montreal Lasers,2021-11-26,34,Markham Rebels,8,1,7,4,14,414,254,114
Montreal Lasers,2022-01-25,64,Vancouver Canadiens,8,6,10,6,332,114,136,414
Montreal Lasers,2022-04-16,60,Villanova Terriers,4,5,10,3,14,254,332,136
Montreal Lasers,2022-01-18,1,Cold Chinooks,11,5,8,6,332,437,414,254
Cold Chinooks,2022-01-18,1,Montreal Lasers,5,11,8,2,151,353,111,127
Montreal Lasers,2022-05-21,83,North York Capitals,7,8,10,4,14,332,254,437
Montreal Lasers,2022-05-19,4,Ice Unicorns,6,1,10,5,437,332,114,14
Ice Unicorns,2022-05-19,4,Montreal Lasers,1,6,10,5,418,85,376,344
Montreal Lasers,2021-12-05,41,Dartmouth Crunch,6,5,11,4,191,254,136,437
Montreal Lasers,2021-11-30,4,Ice Unicorns,4,5,11,2,166,254,14,191
Ice Unicorns,2021-11-30,4,Montreal Lasers,5,4,11,9,85,344,418,376
Montreal Lasers,2021-08-10,86,Cape Breton Rustlers,7,4,10,6,166,136,332,254
Montreal Lasers,2020-09-19,103,Riverview Elites,11,8,11,6,114,191,136,14
Montreal Lasers,2021-07-28,86,Cape Breton Rustlers,9,5,10,5,191,136,114,332
Montreal Lasers,2022-02-10,68,Vernon Crystals,6,7,10,5,437,254,114,166
Montreal Lasers,2022-05-09,60,Villanova Terriers,8,3,10,5,254,487,166,14
Montreal Lasers,2020-10-20,52,Ottawa Crunch,8,1,7,4,166,14,136,114
Montreal Lasers,2020-10-13,86,Cape Breton Rustlers,8,3,10,5,254,14,191,114
Montreal Lasers,2021-03-01,1,Cold Chinooks,17,0,9,8,136,166,114,254
Cold Chinooks,2021-03-01,1,Montreal Lasers,0,17,9,1,127,111,151,144
Ice Unicorns,2022-01-08,4,Montreal Lasers,6,1,10,3,85,55,344,376
Montreal Lasers,2022-01-08,4,Ice Unicorns,1,6,10,7,14,332,136,114
Ice Unicorns,2022-02-24,60,Villanova Terriers,7,1,7,5,376,474,55,85
Ice Unicorns,2022-03-31,36,Thunder Bay Eaters,7,6,10,5,344,376,418,85
Ice Unicorns,2021-08-05,68,Vernon Crystals,5,6,11,4,55,299,376,344
Ice Unicorns,2022-04-24,4,Montreal Lasers,8,1,7,3,418,55,344,474
Montreal Lasers,2022-04-24,4,Ice Unicorns,1,8,7,4,437,332,487,14
Ice Unicorns,2021-10-16,34,Markham Rebels,8,2,5,3,376,85,55,401
Ice Unicorns,2021-08-20,87,South Surrey Canadians,8,6,10,5,344,55,376,85
Ice Unicorns,2022-02-25,53,Toronto 73's,2,5,10,2,376,418,344,85
Ice Unicorns,2021-11-18,18,Mississauga Cougars,7,4,10,6,376,418,85,55
Ice Unicorns,2021-10-13,4,Baby Broomers,10,2,7,5,55,85,376,401
Baby Broomers,2021-10-13,4,Ice Unicorns,2,10,7,2,307,20,372,68
Ice Unicorns,2021-09-05,53,Toronto 73's,6,7,10,4,376,55,299,344
Ice Unicorns,2021-10-30,36,Thunder Bay Eaters,5,7,10,4,85,55,344,376
Ice Unicorns,2022-01-07,4,Montreal Lasers,2,9,9,2,344,55,418,85
Montreal Lasers,2022-01-07,4,Ice Unicorns,9,2,9,7,136,332,166,437
Ice Unicorns,2022-02-09,18,Mississauga Cougars,8,2,8,5,344,376,418,85
Ice Unicorns,2021-06-11,4,Montreal Lasers,8,2,7,5,55,299,344,85
Montreal Lasers,2021-06-11,4,Ice Unicorns,2,8,7,2,136,254,191,114
Ice Unicorns,2022-02-08,3,Calgary Metros,7,4,10,4,344,418,376,55
Calgary Metros,2022-02-08,3,Ice Unicorns,4,7,10,6,93,39,456,453
Ice Unicorns,2022-03-14,62,Hamilton Tigers,1,9,7,1,418,85,344,55
Montreal Raiders,2021-06-06,72,Yorkton Indians,0,11,5,0,218,38,182,343
Montreal Raiders,2021-07-05,25,Chateauguay Canucks,0,6,6,0,115,343,27,301
Montreal Raiders,2021-01-21,3,Calgary Cougars,1,4,10,1,38,182,218,27
Calgary Cougars,2021-01-21,3,Montreal Raiders,4,1,10,9,202,227,119,257
Montreal Raiders,2020-12-20,35,Sidney Eagles,0,10,7,0,182,38,115,27
Montreal Raiders,2020-08-26,1,Ottawa Victorias,1,7,6,1,27,115,38,182
Ottawa Victorias,2020-08-26,1,Montreal Raiders,7,1,6,5,228,207,222,118
Montreal Raiders,2020-07-15,84,Windsor Royals,0,9,5,0,218,115,27,182
Montreal Raiders,2020-08-07,99,Bellingham Travelways,0,11,7,0,218,115,38,27
Montreal Raiders,2021-09-20,25,Chateauguay Canucks,0,6,6,0,301,343,182,38
Montreal Raiders,2022-04-18,31,Thunder Bay Dogs,2,5,10,1,182,343,27,410
Montreal Raiders,2022-05-08,58,Canmore Rats,2,9,7,2,38,115,218,343
Montreal Raiders,2021-05-26,99,Bellingham Travelways,4,6,10,3,218,27,182,343
Montreal Raiders,2022-04-02,3,Calgary Cubs,0,9,5,0,38,115,182,218
Calgary Cubs,2022-04-02,3,Montreal Raiders,9,0,5,5,256,459,224,26
Montreal Raiders,2020-10-31,10,Melfort Bruins,3,9,7,2,182,115,218,38
Montreal Raiders,2022-05-21,25,Chateauguay Canucks,0,6,5,0,182,343,218,27
Montreal Raiders,2020-08-24,25,Chateauguay Canucks,4,6,10,3,38,182,27,218
Montreal Raiders,2022-01-07,3,Calgary Fleur-de-Lys,5,10,10,3,38,343,301,410
Calgary Fleur-de-Lys,2022-01-07,3,Montreal Raiders,10,5,10,7,117,63,412,33
Montreal Raiders,2020-09-21,3,Calgary Fleur-de-Lys,0,8,6,0,182,27,115,38
Calgary Fleur-de-Lys,2020-09-21,3,Montreal Raiders,8,0,6,6,63,33,183,79
Montreal Raiders,2022-04-16,58,Canmore Rats,5,7,11,2,301,27,115,182
Montreal Raiders,2022-01-17,42,Vancouver Jr. Terriers,0,12,6,0,218,38,27,343
Montreal Raiders,2021-02-03,58,Canmore Rats,9,3,9,6,301,218,38,115
Montreal Raiders,2022-01-06,3,Calgary Cougars,2,6,10,2,343,27,38,182
Calgary Cougars,2022-01-06,3,Montreal Raiders,6,2,10,8,202,227,119,430
Montreal Raiders,2022-05-29,72,Yorkton Indians,0,8,5,0,218,301,115,38
Montreal Raiders,2020-09-07,3,Calgary Cougars,3,9,10,2,182,218,38,27
Calgary Cougars,2020-09-07,3,Montreal Raiders,9,3,10,8,119,227,124,202
Montreal Raiders,2020-07-15,58,Canmore Rats,2,7,10,2,27,38,218,115
Montreal Raiders,2021-08-13,1,Ottawa Victorias,5,9,10,3,38,343,27,115
Ottawa Victorias,2021-08-13,1,Montreal Raiders,9,5,10,7,313,249,118,222
Montreal Raiders,2021-09-27,76,Whitby Lakers,1,8,7,1,182,38,301,343
Montreal Raiders,2020-12-23,4,Cold Colts,3,9,9,2,182,115,27,38
Cold Colts,2020-12-23,4,Montreal Raiders,9,3,9,7,11,45,44,89
Montreal Raiders,2021-10-18,69,Sudbury Jets,8,4,10,5,410,343,301,38
Ice Bulls,2022-03-04,76,Whitby Lakers,4,3,10,3,337,326,169,443
Ice Bulls,2022-03-23,3,Calgary Cubs,2,9,9,2,18,169,443,337
Calgary Cubs,2022-03-23,3,Ice Bulls,9,2,9,7,256,26,459,224
Ice Bulls,2021-09-23,2,Vancouver Fury,1,8,5,1,169,326,18,337
Vancouver Fury,2021-09-23,2,Ice Bulls,8,1,5,4,328,294,159,259
Ice Bulls,2021-11-14,102,Nickel Centre Terriers,2,8,8,2,326,169,419,18
Ice Bulls,2021-10-13,84,Windsor Royals,3,8,10,3,169,326,18,337
Ice Bulls,2021-12-30,25,Chateauguay Canucks,0,6,6,0,419,169,326,443
Ice Bulls,2021-10-26,4,Montreal Raiders,10,9,11,5,18,337,326,169
Montreal Raiders,2021-10-26,4,Ice Bulls,9,10,11,6,301,410,115,38
Ice Bulls,2021-09-25,10,Melfort Bruins,6,4,10,5,326,169,337,18
Ice Bulls,2021-07-31,84,Windsor Royals,0,8,5,0,337,169,326,18
Ice Bulls,2021-06-17,35,Sidney Eagles,1,7,9,1,326,337,169,18
Ice Bulls,2022-03-20,3,Calgary Rockets,0,6,6,0,18,443,419,337
Calgary Rockets,2022-03-20,3,Ice Bulls,6,0,6,6,308,319,200,358
Ice Bulls,2021-08-30,72,Yorkton Indians,8,6,10,4,337,18,326,169
Ice Bulls,2021-09-09,58,Canmore Rats,10,3,8,6,337,326,169,18
Ice Bulls,2022-04-05,25,Chateauguay Canucks,3,9,7,2,337,18,443,326
Ice Bulls,2021-08-02,21,Victoria Thunder,0,6,6,0,18,337,326,169
Ice Bulls,2021-07-22,4,Montreal Bruins,4,10,9,2,169,18,337,326
Montreal Bruins,2021-07-22,4,Ice Bulls,10,4,9,7,109,221,36,164
Ice Bulls,2021-05-18,0,Toronto Eagles,0,10,5,0,169,337,18,326
Toronto Eagles,2021-05-18,0,Ice Bulls,10,0,5,5,327,325,142,13
Ice Bulls,2022-03-30,0,Toronto Eagles,9,3,9,5,337,419,18,326
Toronto Eagles,2022-03-30,0,Ice Bulls,3,9,9,4,371,13,155,142
Ice Bulls,2022-02-22,21,Victoria Thunder,8,6,10,4,419,337,169,18
Ice Bulls,2021-06-12,0,Toronto Eagles,8,6,10,5,337,169,326,18
Toronto Eagles,2021-06-12,0,Ice Bulls,6,8,10,5,142,267,13,325
Ice Bulls,2022-05-15,21,Victoria Thunder,2,8,6,1,326,18,443,419
Ice Bulls,2022-02-11,35,Sidney Eagles,2,10,9,1,326,169,337,443
Ice Bulls,2022-05-07,10,Melfort Bruins,7,1,5,3,18,443,337,169
Ice Bulls,2021-12-14,46,Steinbach Oilers,0,6,5,0,18,326,419,337
Ice Bulls,2021-08-23,4,Montreal Bruins,0,6,7,0,337,326,18,169
Montreal Bruins,2021-08-23,4,Ice Bulls,6,0,7,7,221,109,46,389
Ice Bulls,2021-11-20,31,Thunder Bay Dogs,1,8,6,1,169,419,337,18
Ice Bulls,2022-01-30,1,Ottawa Victorias,4,6,10,3,18,337,443,326
Ottawa Victorias,2022-01-30,1,Ice Bulls,6,4,10,7,249,461,228,287
Ice Bulls,2021-05-18,1,Ottawa Victorias,1,7,10,1,18,337,326,169
Ottawa Victorias,2021-05-18,1,Ice Bulls,7,1,10,9,207,312,313,287
Ice Bulls,2021-11-10,3,Calgary Cubs,3,8,10,1,18,419,169,326
Calgary Cubs,2021-11-10,3,Ice Bulls,8,3,10,9,224,305,256,356
Ice Bulls,2021-11-06,21,Victoria Thunder,4,9,10,2,419,18,337,326
Ice Bulls,2022-02-04,4,Cold Colts,2,7,10,2,419,326,443,337
Cold Colts,2022-02-04,4,Ice Bulls,7,2,10,8,45,44,11,89
Montreal Bruins,2021-06-18,3,Calgary Cougars,6,2,10,5,164,109,221,36
Calgary Cougars,2021-06-18,3,Montreal Bruins,2,6,10,5,202,347,119,124
Montreal Bruins,2021-02-25,21,Victoria Thunder,6,2,10,5,140,36,221,109
Montreal Bruins,2021-11-10,21,Victoria Thunder,7,10,10,4,425,221,140,164
Montreal Bruins,2020-09-16,35,Sidney Eagles,6,5,10,4,221,140,46,109
Montreal Bruins,2022-02-08,25,Chateauguay Canucks,0,8,5,0,36,387,425,221
Montreal Bruins,2021-06-22,42,Vancouver Jr. Terriers,10,0,5,5,221,46,140,164
Montreal Bruins,2021-02-25,21,Victoria Thunder,7,1,7,4,36,46,109,164
Montreal Bruins,2021-07-20,42,Vancouver Jr. Terriers,8,0,6,5,140,164,46,109
Montreal Bruins,2020-12-05,31,Thunder Bay Dogs,8,7,10,4,164,46,221,36
Montreal Bruins,2021-07-06,3,Calgary Cougars,7,0,5,5,140,36,164,46
Calgary Cougars,2021-07-06,3,Montreal Bruins,0,7,5,0,227,124,202,119
Montreal Bruins,2021-11-05,4,Ice Bulls,6,0,10,6,387,221,36,140
Ice Bulls,2021-11-05,4,Montreal Bruins,0,6,10,4,419,18,337,169
Montreal Bruins,2021-12-19,35,Sidney Eagles,6,3,10,5,425,164,140,387
Montreal Bruins,2021-05-21,21,Victoria Thunder,8,1,8,5,164,221,109,140
Montreal Bruins,2021-06-28,3,Calgary Cougars,5,1,10,5,140,36,164,109
Calgary Cougars,2021-06-28,3,Montreal Bruins,1,5,10,5,347,124,202,119
Montreal Bruins,2022-04-26,25,Chateauguay Canucks,6,1,10,4,221,387,46,36
Montreal Bruins,2020-09-08,58,Canmore Rats,6,0,6,4,164,46,221,109
Montreal Bruins,2021-05-25,99,Bellingham Travelways,6,7,10,4,109,221,46,140
Montreal Bruins,2020-08-19,35,Sidney Eagles,6,4,10,5,221,36,109,46
Montreal Bruins,2020-12-03,46,Steinbach Oilers,7,2,10,6,164,46,221,109
Montreal Bruins,2021-05-15,31,Thunder Bay Dogs,9,3,7,6,164,36,140,221
Montreal Bruins,2021-07-25,1,Cold Travelways,8,2,9,6,164,221,140,109
Cold Travelways,2021-07-25,1,Montreal Bruins,2,8,9,3,247,201,318,226
Montreal Bruins,2021-01-31,69,Sudbury Jets,11,2,6,5,109,221,36,46
Montreal Bruins,2022-04-16,2,Vancouver Fury,8,2,10,4,164,387,46,36
Vancouver Fury,2022-04-16,2,Montreal Bruins,2,8,10,6,294,259,398,185
Montreal Bruins,2021-08-20,3,Calgary Rockets,9,3,9,6,46,109,221,36
Calgary Rockets,2021-08-20,3,Montreal Bruins,3,9,9,3,21,358,319,200
Montreal Bruins,2022-01-24,72,Yorkton Indians,5,4,10,4,164,221,425,46
Montreal Bruins,2022-02-08,46,Steinbach Oilers,8,0,5,4,164,425,221,46
Montreal Bruins,2021-06-12,4,Cold Colts,5,4,10,3,109,140,221,36
Cold Colts,2021-06-12,4,Montreal Bruins,4,5,10,7,45,89,235,279
Montreal Bruins,2020-09-10,3,Calgary Fleur-de-Lys,8,2,10,6,109,140,46,36
Calgary Fleur-de-Lys,2020-09-10,3,Montreal Bruins,2,8,10,4,123,63,183,79
Montreal Bruins,2021-08-20,76,Whitby Lakers,7,5,10,5,109,46,36,140
Montreal Bruins,2021-02-27,42,Vancouver Jr. Terriers,8,0,5,5,164,140,221,46
Montreal Bruins,2022-02-12,3,Calgary Cubs,9,2,9,5,387,36,46,425
Calgary Cubs,2022-02-12,3,Montreal Bruins,2,9,9,4,224,256,26,459
Montreal Bruins,2021-05-12,25,Chateauguay Canucks,10,1,7,5,109,46,164,140
Montreal Bruins,2020-12-07,31,Thunder Bay Dogs,9,0,7,7,164,140,46,221
Cold Colts,2021-02-15,84,Windsor Royals,6,9,10,3,279,45,11,89
Cold Colts,2022-03-23,4,Ice Bulls,6,4,10,5,44,235,89,11
Ice Bulls,2022-03-23,4,Cold Colts,4,6,10,5,337,443,326,169
Cold Colts,2021-06-28,0,Toronto Eagles,7,0,5,5,44,235,45,11
Toronto Eagles,2021-06-28,0,Cold Colts,0,7,5,0,359,327,13,325
Cold Colts,2020-12-29,99,Bellingham Travelways,9,2,7,6,11,44,45,89
Cold Colts,2022-01-17,4,Montreal Raiders,10,0,5,5,235,45,44,89
Montreal Raiders,2022-01-17,4,Cold Colts,0,10,5,0,301,218,115,182
Cold Colts,2021-05-06,3,Calgary Fleur-de-Lys,4,8,10,4,45,89,44,279
Calgary Fleur-de-Lys,2021-05-06,3,Cold Colts,8,4,10,6,117,63,183,33
Cold Colts,2022-02-02,76,Whitby Lakers,8,11,10,4,89,45,11,44
Cold Colts,2022-05-17,25,Chateauguay Canucks,4,6,10,4,89,44,235,45
Cold Colts,2020-11-25,21,Victoria Thunder,11,8,10,6,45,235,89,279
Cold Colts,2020-08-16,63,Moncton Legionaires,8,2,8,6,45,11,44,235
Cold Colts,2020-12-25,76,Whitby Lakers,4,5,10,3,44,11,235,279
Cold Colts,2021-05-20,4,Ice Bulls,12,0,6,6,44,89,235,11
Ice Bulls,2021-05-20,4,Cold Colts,0,12,6,0,169,326,18,337
Cold Colts,2020-12-20,69,Sudbury Jets,9,3,10,6,279,89,44,235
Cold Colts,2021-03-27,31,Thunder Bay Dogs,5,3,10,3,44,235,45,89
Cold Colts,2020-07-17,1,Cold Travelways,5,7,10,3,44,89,45,11
Cold Travelways,2020-07-17,1,Cold Colts,7,5,10,7,226,104,201,81
Cold Colts,2021-08-27,46,Steinbach Oilers,5,9,11,4,235,44,89,45
Cold Colts,2021-11-21,72,Yorkton Indians,3,4,10,3,44,235,89,11
Cold Colts,2021-05-23,25,Chateauguay Canucks,7,3,10,5,44,235,11,45
Cold Colts,2021-08-23,0,Toronto Eagles,7,1,7,4,45,89,44,235
Toronto Eagles,2021-08-23,0,Cold Colts,1,7,7,3,325,142,267,13
Cold Colts,2020-01-27,76,Whitby Lakers,9,2,6,5,44,89,11,45
Cold Colts,2021-06-06,25,Chateauguay Canucks,4,6,10,3,279,89,45,11
Cold Colts,2021-03-25,25,Chateauguay Canucks,3,5,10,3,279,11,45,44
Cold Colts,2020-01-16,84,Windsor Royals,4,10,7,2,45,89,11,44
Cold Colts,2020-12-21,72,Yorkton Indians,5,3,10,4,44,235,11,45
