team_name,date,address_id,opponent_name,team_score,opponent_score,number_of_ends,number_of_ends_won
Calgary Bruins,2020-01-07,81,Brockville Spirit,8.0,3.0,10.0,6.0
Calgary Bruins,2020-01-17,9,Trail Smoke Remparts,8.0,4.0,10.0,4.0
Calgary Fleur-de-Lys,2020-01-30,58,Canmore Rats,8.0,7.0,11.0,6.0
Cold Colts,2020-02-01,58,Canmore Rats,7.0,0.0,5.0,3.0
Calgary Bruins,2020-02-10,9,Trail Smoke Remparts,7.0,0.0,5.0,4.0
Calgary Bruins,2020-02-17,39,Charlottetown Schooners,5.0,6.0,10.0,4.0
Vancouver Islanders,2020-07-02,2,Toronto Penguins,3.0,12.0,9.0,2.0
Toronto Penguins,2020-07-02,2,Vancouver Islanders,12.0,3.0,9.0,7.0
Calgary Bruins,2020-07-08,93,Humboldt Vipers,8.0,6.0,10.0,5.0
Super Salsa,2020-07-08,44,Thunder Bay Panthers,9.0,2.0,7.0,5.0
Vancouver Fury,2020-07-12,102,Nickel Centre Terriers,9.0,0.0,8.0,6.0
Stone Mariners,2020-07-14,77,Lanark Festivals,4.0,8.0,10.0,3.0
Cold Colts,2020-07-14,4,Montreal Bruins,4.0,8.0,10.0,3.0
Montreal Bruins,2020-07-14,4,Cold Colts,8.0,4.0,10.0,7.0
Super Lords,2020-07-14,5,Port Hope Islanders,6.0,8.0,11.0,4.0
Montreal Lasers,2020-07-15,87,South Surrey Canadians,15.0,2.0,10.0,6.0
Calgary Cougars,2020-07-18,10,Melfort Bruins,7.0,4.0,10.0,5.0
Ottawa Greys,2020-07-22,1,Broom Mets,10.0,0.0,5.0,5.0
Broom Mets,2020-07-22,1,Ottawa Greys,0.0,10.0,5.0,0.0
Calgary Cougars,2020-07-22,69,Sudbury Jets,7.0,6.0,10.0,3.0
Calgary Cougars,2020-07-25,102,Nickel Centre Terriers,4.0,5.0,10.0,3.0
Game of Stones,2020-07-25,47,Halifax Flames,3.0,8.0,10.0,2.0
Super Salsa,2020-07-27,32,Williams Lake Vulcans,2.0,11.0,9.0,2.0
Stone Timberwolves,2020-07-28,90,Langley Hawks,8.0,0.0,5.0,4.0
Broom Mets,2020-07-28,14,Battleford Greys,1.0,8.0,7.0,1.0
Calgary Bruins,2020-07-29,100,Chilliwack Metros,8.0,6.0,10.0,6.0
Game of Stones,2020-07-31,61,Pierrefonds Canadians,5.0,8.0,10.0,3.0
Calgary Fleur-de-Lys,2020-07-31,3,Cold Colts,4.0,5.0,10.0,6.0
Cold Colts,2020-07-31,3,Calgary Fleur-de-Lys,5.0,4.0,10.0,4.0
Montreal Bruins,2020-08-01,58,Canmore Rats,8.0,0.0,5.0,4.0
Calgary Fleur-de-Lys,2020-08-01,25,Chateauguay Canucks,4.0,10.0,6.0,1.0
Montreal Bruins,2020-08-06,69,Sudbury Jets,9.0,0.0,5.0,4.0
Broom Mets,2020-08-07,89,Williams Lake Warriors,0.0,6.0,6.0,0.0
Cold Islanders,2020-08-07,86,Cape Breton Rustlers,6.0,1.0,10.0,5.0
Stone Mariners,2020-08-07,6,Cape Breton Lumberjacks,3.0,11.0,8.0,2.0
Montreal Raiders,2020-08-07,4,Cold Colts,0.0,6.0,8.0,0.0
Cold Colts,2020-08-07,4,Montreal Raiders,6.0,0.0,8.0,8.0
Stone Mariners,2020-08-08,49,North Sydney Spitfires,0.0,9.0,7.0,0.0
Vancouver Islanders,2020-08-09,48,Halifax A's,1.0,8.0,7.0,1.0
Ottawa Greys,2020-08-15,57,New Waterford Pack,7.0,0.0,5.0,5.0
Ottawa Victorias,2020-08-15,69,Sudbury Jets,5.0,4.0,10.0,5.0
Montreal Bruins,2020-08-16,72,Yorkton Indians,6.0,3.0,10.0,4.0
Vancouver Fury,2020-08-18,1,Cold Travelways,7.0,0.0,6.0,6.0
Calgary Fleur-de-Lys,2020-08-18,76,Whitby Lakers,6.0,8.0,13.0,4.0
Cold Travelways,2020-08-18,1,Vancouver Fury,0.0,7.0,6.0,0.0
Vancouver Islanders,2020-08-20,40,Kindersley Warriors,0.0,7.0,5.0,0.0
Montreal Raiders,2020-08-23,3,Calgary Fleur-de-Lys,8.0,6.0,10.0,3.0
Calgary Fleur-de-Lys,2020-08-23,3,Montreal Raiders,6.0,8.0,10.0,7.0
Ottawa Victorias,2020-08-24,35,Sidney Eagles,2.0,8.0,9.0,1.0
Calgary Bruins,2020-08-25,9,Trail Smoke Remparts,8.0,3.0,10.0,5.0
Vancouver Islanders,2020-08-27,92,Toronto Wild,3.0,4.0,10.0,2.0
Ottawa Greys,2020-08-27,6,Cape Breton Lumberjacks,6.0,10.0,10.0,4.0
Stone Mariners,2020-08-29,3,Broom Mets,1.0,8.0,8.0,3.0
Broom Mets,2020-08-29,3,Stone Mariners,8.0,1.0,8.0,5.0
Stone Mariners,2020-08-30,49,North Sydney Spitfires,2.0,7.0,10.0,2.0
Super Salsa,2020-09-03,50,Ajax Sports,6.0,5.0,11.0,5.0
Toronto Penguins,2020-09-04,20,Dartmouth Oland Thunderbirds,7.0,1.0,6.0,5.0
Stone Mariners,2020-09-05,8,Peterborough Bearcats,0.0,7.0,5.0,0.0
Cold Travelways,2020-09-05,10,Melfort Bruins,6.0,8.0,10.0,5.0
Game of Stones,2020-09-08,97,Pembroke Lumber Express,8.0,9.0,10.0,4.0
Montreal Lasers,2020-09-09,52,Ottawa Crunch,8.0,0.0,5.0,5.0
Super Salsa,2020-09-09,26,Wexford Beehives,4.0,8.0,10.0,3.0
Ice Sabres,2020-09-09,93,Humboldt Vipers,6.0,7.0,10.0,5.0
Calgary Bruins,2020-09-11,29,Richmond Hill Mets,8.0,3.0,10.0,3.0
Cold Travelways,2020-09-12,72,Yorkton Indians,8.0,4.0,10.0,4.0
Ice Sabres,2020-09-18,81,Brockville Spirit,5.0,6.0,12.0,3.0
Toronto Penguins,2020-09-19,28,Thunder Bay Thunder,6.0,7.0,10.0,4.0
Super Salsa,2020-09-21,8,Peterborough Bearcats,6.0,7.0,10.0,4.0
Calgary Fleur-de-Lys,2020-09-23,58,Canmore Rats,7.0,1.0,6.0,4.0
Montreal Bruins,2020-09-25,84,Windsor Royals,5.0,7.0,10.0,4.0
Toronto Penguins,2020-09-25,12,Kanata Valley Vipers,7.0,0.0,6.0,6.0
Calgary Cougars,2020-09-28,3,Vancouver Fury,0.0,9.0,6.0,0.0
Vancouver Fury,2020-09-28,3,Calgary Cougars,9.0,0.0,6.0,6.0
Cold Chinooks,2020-09-29,1,Cold Islanders,0.0,6.0,5.0,0.0
Cold Islanders,2020-09-29,1,Cold Chinooks,6.0,0.0,5.0,5.0
Ottawa Victorias,2020-10-01,21,Victoria Thunder,5.0,6.0,10.0,3.0
Game of Stones,2020-10-03,30,Peterborough Jr. Patriots,7.0,2.0,10.0,7.0
Ice Sabres,2020-10-04,0,Calgary Bruins,0.0,7.0,6.0,0.0
Game of Stones,2020-10-04,2,Vancouver Islanders,8.0,0.0,9.0,7.0
Vancouver Islanders,2020-10-04,2,Game of Stones,0.0,8.0,9.0,2.0
Calgary Bruins,2020-10-04,0,Ice Sabres,7.0,0.0,6.0,6.0
Montreal Bruins,2020-10-10,102,Nickel Centre Terriers,8.0,2.0,8.0,5.0
Toronto Penguins,2020-10-10,20,Dartmouth Oland Thunderbirds,8.0,1.0,5.0,4.0
Cold Chinooks,2020-10-12,18,Mississauga Cougars,5.0,7.0,10.0,3.0
Cold Travelways,2020-10-13,102,Nickel Centre Terriers,3.0,10.0,9.0,2.0
Calgary Cougars,2020-10-13,10,Melfort Bruins,6.0,5.0,10.0,3.0
Vancouver Islanders,2020-10-13,28,Thunder Bay Thunder,1.0,9.0,10.0,1.0
Toronto Penguins,2020-10-13,61,Pierrefonds Canadians,2.0,7.0,10.0,2.0
Montreal Bruins,2020-10-14,31,Thunder Bay Dogs,6.0,5.0,10.0,4.0
Ice Sabres,2020-10-14,9,Trail Smoke Remparts,2.0,7.0,10.0,2.0
Cold Chinooks,2020-10-14,53,Toronto 73's,5.0,9.0,10.0,4.0
Ottawa Greys,2020-10-19,7,Southeast Nationals,5.0,7.0,10.0,4.0
Game of Stones,2020-10-20,12,Kanata Valley Vipers,8.0,0.0,7.0,4.0
Toronto Penguins,2020-10-21,97,Pembroke Lumber Express,5.0,12.0,8.0,3.0
Calgary Cougars,2020-10-23,10,Melfort Bruins,8.0,9.0,10.0,4.0
Ice Sabres,2020-10-24,95,Fort Garry Eagles,2.0,8.0,10.0,2.0
Game of Stones,2020-10-27,40,Kindersley Warriors,7.0,3.0,10.0,6.0
Stone Mariners,2020-10-27,50,Ajax Sports,1.0,7.0,8.0,1.0
Toronto Eagles,2020-10-28,2,Vancouver Fury,2.0,9.0,8.0,1.0
Stone Timberwolves,2020-10-28,26,Wexford Beehives,7.0,2.0,10.0,5.0
Vancouver Fury,2020-10-28,2,Toronto Eagles,9.0,2.0,8.0,7.0
Montreal Lasers,2020-10-28,83,North York Capitals,6.0,2.0,10.0,4.0
Ice Cougars,2020-10-29,92,Toronto Wild,9.0,3.0,8.0,5.0
Vancouver Fury,2020-10-30,2,Montreal Raiders,8.0,0.0,7.0,7.0
Montreal Raiders,2020-10-30,2,Vancouver Fury,0.0,8.0,7.0,0.0
Ice Dodgers,2020-11-02,3,Stone Mariners,4.0,6.0,10.0,3.0
Stone Mariners,2020-11-02,3,Ice Dodgers,6.0,4.0,10.0,7.0
Montreal Bruins,2020-11-03,35,Sidney Eagles,1.0,9.0,5.0,1.0
Broom Mets,2020-11-06,24,Sidney Terriers,9.0,7.0,10.0,4.0
Game of Stones,2020-11-09,1,Vancouver Islanders,8.0,0.0,9.0,9.0
Vancouver Islanders,2020-11-09,1,Game of Stones,0.0,8.0,9.0,0.0
Ice Sabres,2020-11-11,33,Iron Range Penguins,2.0,4.0,10.0,2.0
Ice Dodgers,2020-11-14,49,North Sydney Spitfires,5.0,6.0,11.0,4.0
Broom Mets,2020-11-15,32,Williams Lake Vulcans,3.0,4.0,10.0,2.0
Toronto Eagles,2020-11-16,0,Cold Colts,0.0,7.0,7.0,2.0
Cold Colts,2020-11-16,0,Toronto Eagles,7.0,0.0,7.0,5.0
Broom Mets,2020-11-17,57,New Waterford Pack,1.0,8.0,6.0,1.0
Super Salsa,2020-11-18,78,Halifax Oland Centennials,7.0,10.0,10.0,4.0
Game of Stones,2020-11-18,80,Thunder Bay Thunderbirds,6.0,0.0,6.0,4.0
Stone Mariners,2020-11-20,3,Ottawa Greys,0.0,6.0,10.0,6.0
Ottawa Greys,2020-11-20,3,Stone Mariners,6.0,0.0,10.0,4.0
Calgary Bruins,2020-11-23,0,Ice Sabres,10.0,0.0,5.0,5.0
Ice Dodgers,2020-11-23,90,Langley Hawks,5.0,4.0,10.0,5.0
Ice Sabres,2020-11-23,0,Calgary Bruins,0.0,10.0,5.0,0.0
Montreal Bruins,2020-11-24,58,Canmore Rats,6.0,0.0,5.0,5.0
Calgary Fleur-de-Lys,2020-11-25,84,Windsor Royals,0.0,10.0,6.0,0.0
Toronto Eagles,2020-11-26,25,Chateauguay Canucks,1.0,7.0,7.0,1.0
Calgary Fleur-de-Lys,2020-11-27,31,Thunder Bay Dogs,6.0,5.0,11.0,5.0
Calgary Cougars,2020-11-27,84,Windsor Royals,0.0,10.0,6.0,0.0
Calgary Bruins,2020-11-28,93,Humboldt Vipers,6.0,0.0,5.0,4.0
Toronto Penguins,2020-12-02,1,Game of Stones,3.0,8.0,10.0,3.0
Game of Stones,2020-12-02,1,Toronto Penguins,8.0,3.0,10.0,7.0
Vancouver Fury,2020-12-02,3,Calgary Fleur-de-Lys,7.0,1.0,6.0,5.0
Calgary Fleur-de-Lys,2020-12-02,3,Vancouver Fury,1.0,7.0,6.0,1.0
Montreal Bruins,2020-12-04,72,Yorkton Indians,8.0,6.0,11.0,4.0
Calgary Fleur-de-Lys,2020-12-05,3,Calgary Cougars,3.0,6.0,10.0,3.0
Calgary Cougars,2020-12-05,3,Calgary Fleur-de-Lys,6.0,3.0,10.0,7.0
Vancouver Islanders,2020-12-06,61,Pierrefonds Canadians,0.0,8.0,8.0,0.0
Super Salsa,2020-12-08,44,Thunder Bay Panthers,6.0,3.0,10.0,5.0
Ice Dodgers,2020-12-12,78,Halifax Oland Centennials,4.0,7.0,10.0,2.0
Toronto Penguins,2020-12-13,13,Halifax Team Leafs,5.0,6.0,10.0,4.0
Ottawa Greys,2020-12-13,74,Port-aux-Basques Buccaneers,8.0,6.0,10.0,4.0
Super Salsa,2020-12-14,14,Battleford Greys,8.0,4.0,10.0,5.0
Toronto Penguins,2020-12-19,40,Kindersley Warriors,4.0,10.0,8.0,3.0
Toronto Eagles,2020-12-20,35,Sidney Eagles,2.0,6.0,10.0,2.0
Vancouver Fury,2020-12-21,2,Cold Travelways,7.0,1.0,6.0,5.0
Cold Travelways,2020-12-21,2,Vancouver Fury,1.0,7.0,6.0,1.0
Calgary Cubs,2020-12-24,10,Melfort Bruins,5.0,2.0,10.0,4.0
Cold Colts,2020-12-24,99,Bellingham Travelways,6.0,0.0,5.0,3.0
Ottawa Victorias,2020-12-25,46,Steinbach Oilers,5.0,9.0,13.0,4.0
Calgary Cougars,2020-12-25,102,Nickel Centre Terriers,5.0,2.0,10.0,4.0
Game of Stones,2020-12-26,47,Halifax Flames,6.0,0.0,6.0,5.0
Stone Timberwolves,2020-12-26,32,Williams Lake Vulcans,7.0,0.0,6.0,5.0
Montreal Lasers,2020-12-28,4,Cold Islanders,8.0,6.0,10.0,7.0
Cold Islanders,2020-12-28,4,Montreal Lasers,6.0,8.0,10.0,3.0
Montreal Raiders,2020-12-30,4,Montreal Bruins,0.0,10.0,7.0,0.0
Montreal Bruins,2020-12-30,4,Montreal Raiders,10.0,0.0,7.0,7.0
Ice Sabres,2020-12-30,33,Iron Range Penguins,3.0,9.0,9.0,2.0
Toronto Eagles,2020-12-31,4,Cold Colts,1.0,7.0,5.0,1.0
Cold Colts,2020-12-31,4,Toronto Eagles,7.0,1.0,5.0,4.0
Montreal Raiders,2021-01-01,25,Chateauguay Canucks,1.0,12.0,6.0,1.0
Stone Mariners,2021-01-08,57,New Waterford Pack,6.0,7.0,10.0,4.0
Ice Dodgers,2021-01-10,7,Southeast Nationals,5.0,6.0,10.0,4.0
Cold Travelways,2021-01-12,102,Nickel Centre Terriers,6.0,5.0,11.0,4.0
Stone Timberwolves,2021-01-13,8,Peterborough Bearcats,7.0,1.0,8.0,5.0
Ice Sabres,2021-01-14,0,Calgary Bruins,0.0,9.0,6.0,1.0
Calgary Bruins,2021-01-14,0,Ice Sabres,9.0,0.0,6.0,5.0
Ottawa Victorias,2021-01-15,42,Vancouver Jr. Terriers,5.0,7.0,10.0,4.0
Cold Travelways,2021-01-17,58,Canmore Rats,4.0,7.0,10.0,3.0
Game of Stones,2021-01-18,2,Vancouver Islanders,7.0,0.0,8.0,6.0
Vancouver Islanders,2021-01-18,2,Game of Stones,0.0,7.0,8.0,2.0
Cold Travelways,2021-01-18,2,Vancouver Fury,0.0,8.0,6.0,0.0
Vancouver Fury,2021-01-18,2,Cold Travelways,8.0,0.0,6.0,6.0
Ottawa Greys,2021-01-21,38,Espanola Screaming Crystals,6.0,1.0,10.0,5.0
Vancouver Fury,2021-01-22,42,Vancouver Jr. Terriers,7.0,1.0,7.0,5.0
Montreal Raiders,2021-01-23,4,Cold Colts,3.0,12.0,10.0,2.0
Cold Colts,2021-01-23,4,Montreal Raiders,12.0,3.0,10.0,8.0
Cold Chinooks,2021-01-24,62,Hamilton Tigers,5.0,6.0,10.0,4.0
Cold Travelways,2021-01-24,58,Canmore Rats,5.0,7.0,10.0,3.0
Vancouver Fury,2021-01-25,46,Steinbach Oilers,4.0,2.0,10.0,4.0
Montreal Raiders,2021-01-26,69,Sudbury Jets,6.0,5.0,10.0,5.0
Toronto Penguins,2021-01-27,51,Richmond Hill Tondas,6.0,4.0,10.0,4.0
Game of Stones,2021-01-27,48,Halifax A's,7.0,2.0,10.0,6.0
Montreal Raiders,2021-01-29,21,Victoria Thunder,11.0,5.0,10.0,4.0
Stone Timberwolves,2021-01-29,8,Peterborough Bearcats,10.0,1.0,7.0,6.0
Ice Dodgers,2021-01-30,24,Sidney Terriers,5.0,2.0,10.0,3.0
Montreal Bruins,2021-01-31,4,Calgary Cubs,3.0,6.0,10.0,5.0
Calgary Cubs,2021-01-31,4,Montreal Bruins,6.0,3.0,10.0,5.0
Ice Dodgers,2021-02-02,8,Peterborough Bearcats,6.0,5.0,10.0,4.0
Cold Travelways,2021-02-04,31,Thunder Bay Dogs,7.0,10.0,11.0,4.0
Vancouver Islanders,2021-02-05,92,Toronto Wild,1.0,10.0,9.0,1.0
Calgary Cougars,2021-02-06,76,Whitby Lakers,10.0,6.0,11.0,6.0
Cold Islanders,2021-02-07,64,Vancouver Canadiens,12.0,6.0,9.0,6.0
Stone Mariners,2021-02-07,14,Battleford Greys,0.0,7.0,8.0,0.0
Cold Chinooks,2021-02-08,62,Hamilton Tigers,2.0,6.0,10.0,2.0
Cold Colts,2021-02-09,4,Calgary Cougars,6.0,4.0,10.0,7.0
Calgary Cougars,2021-02-09,4,Cold Colts,4.0,6.0,10.0,3.0
Montreal Lasers,2021-02-10,52,Ottawa Crunch,10.0,1.0,8.0,7.0
Stone Timberwolves,2021-02-12,85,Sherwood Park Grads,7.0,5.0,10.0,5.0
Ottawa Greys,2021-02-14,78,Halifax Oland Centennials,6.0,7.0,10.0,5.0
Montreal Lasers,2021-02-17,60,Villanova Terriers,8.0,0.0,5.0,5.0
Ice Dodgers,2021-02-17,90,Langley Hawks,5.0,4.0,10.0,4.0
Calgary Fleur-de-Lys,2021-02-18,99,Bellingham Travelways,9.0,3.0,10.0,5.0
Toronto Eagles,2021-02-18,1,Cold Travelways,7.0,3.0,10.0,3.0
Calgary Cubs,2021-02-18,3,Vancouver Fury,6.0,8.0,11.0,5.0
Cold Travelways,2021-02-18,1,Toronto Eagles,3.0,7.0,10.0,7.0
Vancouver Fury,2021-02-18,3,Calgary Cubs,8.0,6.0,11.0,6.0
Super Salsa,2021-02-21,1,Ice Dodgers,9.0,3.0,8.0,5.0
Ice Dodgers,2021-02-21,1,Super Salsa,3.0,9.0,8.0,3.0
Montreal Raiders,2021-02-25,4,Calgary Cougars,5.0,4.0,10.0,7.0
Calgary Cougars,2021-02-25,4,Montreal Raiders,4.0,5.0,10.0,3.0
Broom Mets,2021-02-26,1,Ice Dodgers,0.0,8.0,5.0,0.0
Ice Dodgers,2021-02-26,1,Broom Mets,8.0,0.0,5.0,5.0
Ottawa Victorias,2021-02-26,35,Sidney Eagles,2.0,9.0,9.0,1.0
Vancouver Islanders,2021-03-01,61,Pierrefonds Canadians,0.0,7.0,5.0,0.0
Calgary Cougars,2021-03-02,3,Vancouver Fury,0.0,9.0,7.0,0.0
Vancouver Fury,2021-03-02,3,Calgary Cougars,9.0,0.0,7.0,7.0
Ottawa Greys,2021-03-03,1,Ice Dodgers,11.0,9.0,10.0,6.0
Ice Dodgers,2021-03-03,1,Ottawa Greys,9.0,11.0,10.0,4.0
Calgary Fleur-de-Lys,2021-03-03,69,Sudbury Jets,7.0,1.0,6.0,5.0
Cold Chinooks,2021-03-03,23,Laval Rousseau 77's,0.0,7.0,5.0,0.0
Montreal Bruins,2021-03-07,0,Toronto Eagles,7.0,0.0,5.0,5.0
Broom Hawks,2021-03-07,4,Montreal Braves,1.0,7.0,7.0,1.0
Montreal Braves,2021-03-07,4,Broom Hawks,7.0,1.0,7.0,6.0
Toronto Eagles,2021-03-07,0,Montreal Bruins,0.0,7.0,5.0,0.0
Ice Dodgers,2021-03-08,4,Super Salsa,6.0,7.0,10.0,5.0
Super Salsa,2021-03-08,4,Ice Dodgers,7.0,6.0,10.0,5.0
Cold Islanders,2021-03-08,34,Markham Rebels,8.0,4.0,10.0,5.0
Vancouver Islanders,2021-03-10,16,Bancroft Waxers,4.0,10.0,6.0,1.0
Montreal Bruins,2021-03-12,63,Moncton Legionaires,5.0,3.0,10.0,4.0
Toronto Eagles,2021-03-14,25,Chateauguay Canucks,0.0,8.0,6.0,0.0
Calgary Rockets,2021-03-16,4,Montreal Raiders,8.0,0.0,5.0,4.0
Montreal Raiders,2021-03-16,4,Calgary Rockets,0.0,8.0,5.0,1.0
Cold Travelways,2021-03-17,99,Bellingham Travelways,4.0,7.0,10.0,3.0
Game of Stones,2021-03-17,80,Thunder Bay Thunderbirds,8.0,0.0,5.0,4.0
Super Salsa,2021-03-18,17,Brandon Warriors,11.0,4.0,9.0,6.0
Broom Mets,2021-03-18,90,Langley Hawks,8.0,2.0,7.0,5.0
Broom Mets,2021-03-21,82,Oswego Cougars,2.0,10.0,10.0,2.0
Game of Stones,2021-03-22,13,Halifax Team Leafs,6.0,5.0,10.0,5.0
Super Salsa,2021-03-23,54,Saskatoon Rams,1.0,8.0,6.0,1.0
Stone Mariners,2021-03-23,32,Williams Lake Vulcans,3.0,6.0,10.0,2.0
Broom Mets,2021-03-26,26,Wexford Beehives,8.0,2.0,7.0,4.0
Vancouver Islanders,2021-03-26,51,Richmond Hill Tondas,2.0,9.0,8.0,1.0
Game of Stones,2021-03-28,40,Kindersley Warriors,6.0,0.0,6.0,4.0
Ottawa Greys,2021-03-28,4,Super Salsa,9.0,4.0,10.0,5.0
Super Salsa,2021-03-28,4,Ottawa Greys,4.0,9.0,10.0,5.0
Broom Hawks,2021-03-28,45,Prince Albert Marrs,9.0,1.0,6.0,5.0
Broom Mets,2021-03-30,90,Langley Hawks,3.0,7.0,10.0,2.0
Toronto Eagles,2021-03-30,4,Montreal Raiders,3.0,8.0,10.0,2.0
Vancouver Fury,2021-03-30,3,Calgary Rockets,6.0,8.0,11.0,5.0
Calgary Rockets,2021-03-30,3,Vancouver Fury,8.0,6.0,11.0,6.0
Montreal Raiders,2021-03-30,4,Toronto Eagles,8.0,3.0,10.0,8.0
Game of Stones,2021-03-31,20,Dartmouth Oland Thunderbirds,8.0,0.0,5.0,4.0
Ice Sabres,2021-04-01,33,Iron Range Penguins,3.0,7.0,10.0,3.0
Calgary Rockets,2021-04-04,25,Chateauguay Canucks,11.0,4.0,9.0,6.0
Calgary Bruins,2021-04-06,100,Chilliwack Metros,6.0,0.0,5.0,4.0
Game of Stones,2021-04-06,12,Kanata Valley Vipers,6.0,0.0,6.0,4.0
Calgary Cougars,2021-04-06,69,Sudbury Jets,7.0,2.0,10.0,5.0
Broom Mets,2021-04-06,65,Winnipeg Beehives,5.0,9.0,10.0,4.0
Stone Timberwolves,2021-04-07,4,Super Salsa,9.0,4.0,10.0,6.0
Super Salsa,2021-04-07,4,Stone Timberwolves,4.0,9.0,10.0,4.0
Vancouver Islanders,2021-04-07,28,Thunder Bay Thunder,0.0,10.0,7.0,0.0
Montreal Braves,2021-04-08,67,Edmonton Maple Predators,6.0,3.0,10.0,5.0
Toronto Penguins,2021-04-08,16,Bancroft Waxers,5.0,8.0,10.0,4.0
Calgary Cougars,2021-04-08,25,Chateauguay Canucks,0.0,11.0,6.0,0.0
Montreal Bruins,2021-04-08,72,Yorkton Indians,10.0,4.0,9.0,6.0
Calgary Cubs,2021-04-13,3,Calgary Cougars,8.0,6.0,12.0,5.0
Calgary Cougars,2021-04-13,3,Calgary Cubs,6.0,8.0,12.0,7.0
Game of Stones,2021-04-16,0,Toronto Penguins,7.0,0.0,7.0,5.0
Toronto Penguins,2021-04-16,0,Game of Stones,0.0,7.0,7.0,2.0
Ice Dodgers,2021-04-19,6,Cape Breton Lumberjacks,7.0,5.0,10.0,5.0
Cold Chinooks,2021-04-19,66,Vancouver Flyers,2.0,9.0,8.0,2.0
Ice Dodgers,2021-04-20,96,Vernon Bears,4.0,6.0,10.0,2.0
Vancouver Islanders,2021-04-20,80,Thunder Bay Thunderbirds,7.0,8.0,11.0,3.0
Ottawa Victorias,2021-04-20,3,Calgary Fleur-de-Lys,11.0,3.0,9.0,6.0
Montreal Bruins,2021-04-20,35,Sidney Eagles,6.0,5.0,10.0,4.0
Calgary Fleur-de-Lys,2021-04-20,3,Ottawa Victorias,3.0,11.0,9.0,3.0
Vancouver Fury,2021-04-21,10,Melfort Bruins,10.0,2.0,8.0,6.0
Toronto Eagles,2021-04-22,31,Thunder Bay Dogs,5.0,6.0,11.0,2.0
Calgary Fleur-de-Lys,2021-04-24,21,Victoria Thunder,7.0,1.0,7.0,6.0
Vancouver Islanders,2021-04-25,28,Thunder Bay Thunder,0.0,6.0,5.0,0.0
Cold Colts,2021-04-26,4,Calgary Fleur-de-Lys,1.0,8.0,5.0,1.0
Calgary Fleur-de-Lys,2021-04-26,4,Cold Colts,8.0,1.0,5.0,4.0
Ice Dodgers,2021-04-27,14,Battleford Greys,4.0,10.0,8.0,2.0
Montreal Lasers,2021-04-28,103,Riverview Elites,3.0,11.0,8.0,2.0
Cold Islanders,2021-04-30,43,Temiscaming Hawks,8.0,2.0,9.0,5.0
Ice Cougars,2021-04-30,80,Thunder Bay Thunderbirds,2.0,9.0,10.0,1.0
Calgary Cubs,2021-05-01,35,Sidney Eagles,6.0,7.0,10.0,5.0
Game of Stones,2021-05-01,48,Halifax A's,5.0,4.0,10.0,3.0
Ice Cougars,2021-05-01,71,Thornhill Caribous,1.0,7.0,7.0,1.0
Ottawa Greys,2021-05-03,38,Espanola Screaming Crystals,8.0,5.0,10.0,5.0
Calgary Cubs,2021-05-05,63,Moncton Legionaires,5.0,10.0,10.0,2.0
Calgary Rockets,2021-05-08,3,Vancouver Fury,8.0,7.0,10.0,7.0
Vancouver Fury,2021-05-08,3,Calgary Rockets,7.0,8.0,10.0,3.0
Toronto Penguins,2021-05-08,13,Halifax Team Leafs,3.0,7.0,10.0,2.0
Montreal Bruins,2021-05-09,102,Nickel Centre Terriers,7.0,3.0,10.0,6.0
Vancouver Fury,2021-05-11,46,Steinbach Oilers,7.0,4.0,10.0,5.0
Calgary Bruins,2021-05-12,95,Fort Garry Eagles,8.0,2.0,7.0,5.0
Montreal Braves,2021-05-14,56,Thetford Mines Blizzard,7.0,0.0,5.0,5.0
Ice Bulls,2021-05-16,69,Sudbury Jets,7.0,8.0,10.0,5.0
Calgary Fleur-de-Lys,2021-05-17,58,Canmore Rats,7.0,5.0,10.0,4.0
Broom Mets,2021-05-18,3,Stone Mariners,8.0,7.0,10.0,5.0
Stone Mariners,2021-05-18,3,Broom Mets,7.0,8.0,10.0,5.0
Calgary Fleur-de-Lys,2021-05-19,3,Cold Travelways,9.0,0.0,5.0,5.0
Cold Travelways,2021-05-19,3,Calgary Fleur-de-Lys,0.0,9.0,5.0,0.0
Stone Mariners,2021-05-23,85,Sherwood Park Grads,2.0,9.0,7.0,1.0
Montreal Braves,2021-05-23,22,Ste. Agathe Flyers,7.0,3.0,10.0,4.0
Ottawa Greys,2021-05-24,32,Williams Lake Vulcans,5.0,6.0,10.0,4.0
Ottawa Victorias,2021-05-26,25,Chateauguay Canucks,7.0,3.0,10.0,4.0
Calgary Rockets,2021-05-26,84,Windsor Royals,5.0,3.0,10.0,3.0
Calgary Cougars,2021-05-27,3,Calgary Fleur-de-Lys,7.0,2.0,10.0,8.0
Calgary Fleur-de-Lys,2021-05-27,3,Calgary Cougars,2.0,7.0,10.0,2.0
Super Salsa,2021-05-30,77,Lanark Festivals,8.0,6.0,11.0,6.0
Ice Dodgers,2021-06-03,77,Lanark Festivals,7.0,3.0,10.0,5.0
Vancouver Islanders,2021-06-05,13,Halifax Team Leafs,0.0,6.0,5.0,0.0
Toronto Eagles,2021-06-05,0,Cold Colts,0.0,9.0,5.0,0.0
Cold Colts,2021-06-05,0,Toronto Eagles,9.0,0.0,5.0,5.0
Ottawa Victorias,2021-06-05,69,Sudbury Jets,5.0,3.0,10.0,4.0
Ottawa Greys,2021-06-05,57,New Waterford Pack,6.0,2.0,10.0,4.0
Toronto Eagles,2021-06-06,0,Cold Travelways,7.0,4.0,10.0,7.0
Cold Travelways,2021-06-06,0,Toronto Eagles,4.0,7.0,10.0,3.0
Super Salsa,2021-06-07,44,Thunder Bay Panthers,3.0,2.0,10.0,2.0
Ice Dodgers,2021-06-08,26,Wexford Beehives,5.0,6.0,14.0,3.0
Ice Bulls,2021-06-09,4,Calgary Rockets,0.0,6.0,6.0,2.0
Calgary Rockets,2021-06-09,4,Ice Bulls,6.0,0.0,6.0,4.0
Cold Colts,2021-06-10,4,Montreal Bruins,5.0,4.0,10.0,3.0
Montreal Bruins,2021-06-10,4,Cold Colts,4.0,5.0,10.0,7.0
Ice Bulls,2021-06-10,3,Calgary Fleur-de-Lys,5.0,10.0,10.0,2.0
Calgary Fleur-de-Lys,2021-06-10,3,Ice Bulls,10.0,5.0,10.0,8.0
Calgary Rockets,2021-06-11,76,Whitby Lakers,8.0,0.0,5.0,4.0
Montreal Raiders,2021-06-14,3,Calgary Cubs,0.0,6.0,5.0,0.0
Calgary Cubs,2021-06-14,3,Montreal Raiders,6.0,0.0,5.0,5.0
Ice Bulls,2021-06-15,25,Chateauguay Canucks,1.0,8.0,9.0,1.0
Toronto Eagles,2021-06-16,0,Ottawa Victorias,4.0,10.0,10.0,4.0
Ottawa Victorias,2021-06-16,0,Toronto Eagles,10.0,4.0,10.0,6.0
Calgary Cougars,2021-06-17,46,Steinbach Oilers,7.0,3.0,10.0,4.0
Montreal Bruins,2021-06-19,4,Calgary Cougars,7.0,4.0,10.0,8.0
Calgary Cougars,2021-06-19,4,Montreal Bruins,4.0,7.0,10.0,2.0
Calgary Bruins,2021-06-20,73,Thunder Bay Flames,7.0,6.0,10.0,3.0
Calgary Rockets,2021-06-20,1,Cold Travelways,7.0,0.0,5.0,4.0
Cold Travelways,2021-06-20,1,Calgary Rockets,0.0,7.0,5.0,1.0
Calgary Fleur-de-Lys,2021-06-22,4,Montreal Raiders,8.0,2.0,7.0,6.0
Ice Cougars,2021-06-22,47,Halifax Flames,1.0,7.0,6.0,1.0
Montreal Raiders,2021-06-22,4,Calgary Fleur-de-Lys,2.0,8.0,7.0,1.0
Ice Unicorns,2021-06-23,94,Aurora Chiefs,3.0,5.0,10.0,3.0
Calgary Bruins,2021-06-24,3,Cold Huskies,4.0,7.0,10.0,7.0
Cold Huskies,2021-06-24,3,Calgary Bruins,7.0,4.0,10.0,3.0
Broom Hawks,2021-06-24,11,Penticton Chiefs,8.0,7.0,10.0,3.0
Calgary Fleur-de-Lys,2021-06-27,31,Thunder Bay Dogs,0.0,6.0,5.0,0.0
Stone Timberwolves,2021-06-27,4,Super Salsa,8.0,3.0,10.0,5.0
Cold Chinooks,2021-06-27,1,Cold Islanders,5.0,7.0,11.0,7.0
Toronto Penguins,2021-06-27,0,Game of Stones,6.0,8.0,10.0,6.0
Game of Stones,2021-06-27,0,Toronto Penguins,8.0,6.0,10.0,4.0
Cold Islanders,2021-06-27,1,Cold Chinooks,7.0,5.0,11.0,4.0
Super Salsa,2021-06-27,4,Stone Timberwolves,3.0,8.0,10.0,5.0
Stone Mariners,2021-06-28,1,Broom Mets,1.0,8.0,6.0,1.0
Broom Mets,2021-06-28,1,Stone Mariners,8.0,1.0,6.0,5.0
Calgary Cubs,2021-06-30,4,Montreal Bruins,3.0,9.0,7.0,2.0
Montreal Bruins,2021-06-30,4,Calgary Cubs,9.0,3.0,7.0,5.0
Stone Mariners,2021-06-30,96,Vernon Bears,2.0,9.0,5.0,1.0
Ice Dodgers,2021-07-01,26,Wexford Beehives,6.0,4.0,10.0,3.0
Vancouver Fury,2021-07-03,2,Ottawa Victorias,9.0,3.0,6.0,4.0
Ottawa Victorias,2021-07-03,2,Vancouver Fury,3.0,9.0,6.0,2.0
Game of Stones,2021-07-03,92,Toronto Wild,8.0,7.0,10.0,4.0
Game of Stones,2021-07-04,97,Pembroke Lumber Express,3.0,9.0,5.0,2.0
Calgary Fleur-de-Lys,2021-07-04,58,Canmore Rats,10.0,4.0,9.0,6.0
Cold Chinooks,2021-07-05,83,North York Capitals,3.0,10.0,9.0,2.0
Game of Stones,2021-07-05,15,Elliot Lake Wings,3.0,8.0,10.0,2.0
Ice Bulls,2021-07-06,102,Nickel Centre Terriers,3.0,8.0,10.0,2.0
Stone Mariners,2021-07-07,85,Sherwood Park Grads,1.0,14.0,6.0,1.0
Calgary Cougars,2021-07-08,69,Sudbury Jets,10.0,4.0,10.0,5.0
Super Salsa,2021-07-08,4,Broom Mets,8.0,2.0,9.0,7.0
Broom Mets,2021-07-08,4,Super Salsa,2.0,8.0,9.0,2.0
Broom Hawks,2021-07-10,79,Pembroke Lumber Bears,1.0,7.0,8.0,1.0
Calgary Rockets,2021-07-11,4,Ice Bulls,5.0,4.0,11.0,4.0
Vancouver Fury,2021-07-11,2,Cold Travelways,6.0,0.0,6.0,6.0
Ice Bulls,2021-07-11,4,Calgary Rockets,4.0,5.0,11.0,7.0
Cold Travelways,2021-07-11,2,Vancouver Fury,0.0,6.0,6.0,0.0
Ice Sabres,2021-07-12,100,Chilliwack Metros,4.0,6.0,10.0,3.0
Ottawa Victorias,2021-07-14,102,Nickel Centre Terriers,5.0,4.0,10.0,3.0
Broom Mets,2021-07-14,14,Battleford Greys,2.0,8.0,6.0,1.0
Ice Huskies,2021-07-15,38,Espanola Screaming Crystals,3.0,7.0,10.0,2.0
Toronto Penguins,2021-07-15,51,Richmond Hill Tondas,8.0,3.0,10.0,6.0
Super Salsa,2021-07-17,32,Williams Lake Vulcans,4.0,5.0,10.0,4.0
Toronto Penguins,2021-07-20,0,Ice Cougars,11.0,1.0,5.0,4.0
Ice Cougars,2021-07-20,0,Toronto Penguins,1.0,11.0,5.0,1.0
Broom Mets,2021-07-21,7,Southeast Nationals,6.0,9.0,10.0,3.0
Vancouver Islanders,2021-07-21,80,Thunder Bay Thunderbirds,7.0,8.0,10.0,4.0
Stone Mariners,2021-07-21,96,Vernon Bears,0.0,8.0,8.0,0.0
Cold Colts,2021-07-23,4,Ottawa Victorias,11.0,0.0,5.0,5.0
Ottawa Victorias,2021-07-23,4,Cold Colts,0.0,11.0,5.0,0.0
Baby Broomers,2021-07-25,62,Hamilton Tigers,2.0,8.0,10.0,2.0
Calgary Bruins,2021-07-27,9,Trail Smoke Remparts,7.0,9.0,10.0,4.0
Broom Mets,2021-07-27,1,Stone Timberwolves,2.0,8.0,7.0,3.0
Stone Timberwolves,2021-07-27,1,Broom Mets,8.0,2.0,7.0,4.0
Calgary Cougars,2021-07-28,3,Cold Colts,7.0,6.0,10.0,6.0
Cold Colts,2021-07-28,3,Calgary Cougars,6.0,7.0,10.0,4.0
Cold Islanders,2021-07-29,0,Cold Chinooks,8.0,4.0,10.0,7.0
Ottawa Greys,2021-07-29,1,Stone Timberwolves,5.0,8.0,10.0,5.0
Calgary Cubs,2021-07-29,42,Vancouver Jr. Terriers,5.0,2.0,10.0,3.0
Stone Timberwolves,2021-07-29,1,Ottawa Greys,8.0,5.0,10.0,5.0
Cold Chinooks,2021-07-29,0,Cold Islanders,4.0,8.0,10.0,3.0
Ottawa Victorias,2021-07-29,25,Chateauguay Canucks,5.0,6.0,11.0,3.0
Cold Chinooks,2021-07-30,34,Markham Rebels,4.0,7.0,10.0,3.0
Calgary Bruins,2021-08-02,95,Fort Garry Eagles,8.0,0.0,6.0,6.0
Cold Travelways,2021-08-02,69,Sudbury Jets,9.0,3.0,7.0,4.0
Montreal Bruins,2021-08-04,72,Yorkton Indians,8.0,6.0,10.0,4.0
Stone Mariners,2021-08-04,65,Winnipeg Beehives,6.0,7.0,10.0,4.0
Ice Cougars,2021-08-04,71,Thornhill Caribous,6.0,7.0,10.0,3.0
Ottawa Greys,2021-08-06,89,Williams Lake Warriors,5.0,4.0,10.0,3.0
Super Salsa,2021-08-08,74,Port-aux-Basques Buccaneers,8.0,0.0,8.0,6.0
Ottawa Victorias,2021-08-08,42,Vancouver Jr. Terriers,6.0,4.0,10.0,5.0
Ice Huskies,2021-08-09,3,Stone Mariners,3.0,7.0,10.0,4.0
Stone Mariners,2021-08-09,3,Ice Huskies,7.0,3.0,10.0,6.0
Baby Broomers,2021-08-09,86,Cape Breton Rustlers,8.0,2.0,7.0,5.0
Ice Sabres,2021-08-11,9,Trail Smoke Remparts,0.0,9.0,10.0,0.0
Cold Chinooks,2021-08-11,87,South Surrey Canadians,8.0,5.0,10.0,3.0
Ottawa Victorias,2021-08-12,63,Moncton Legionaires,7.0,8.0,11.0,4.0
Vancouver Islanders,2021-08-13,0,Ice Cougars,7.0,8.0,10.0,3.0
Ice Cougars,2021-08-13,0,Vancouver Islanders,8.0,7.0,10.0,7.0
Ice Huskies,2021-08-15,24,Sidney Terriers,3.0,6.0,10.0,3.0
Baby Broomers,2021-08-15,66,Vancouver Flyers,2.0,9.0,9.0,2.0
Stone Timberwolves,2021-08-16,65,Winnipeg Beehives,6.0,0.0,5.0,3.0
Toronto Penguins,2021-08-16,51,Richmond Hill Tondas,7.0,6.0,10.0,4.0
Ice Unicorns,2021-08-17,60,Villanova Terriers,8.0,2.0,8.0,6.0
Baby Broomers,2021-08-17,53,Toronto 73's,3.0,6.0,10.0,1.0
Ottawa Greys,2021-08-17,3,Stone Mariners,10.0,3.0,8.0,6.0
Calgary Cougars,2021-08-17,76,Whitby Lakers,8.0,2.0,9.0,4.0
Stone Mariners,2021-08-17,3,Ottawa Greys,3.0,10.0,8.0,2.0
Ice Dodgers,2021-08-17,24,Sidney Terriers,9.0,4.0,10.0,4.0
Montreal Braves,2021-08-17,11,Penticton Chiefs,7.0,2.0,10.0,5.0
Broom Mets,2021-08-18,49,North Sydney Spitfires,2.0,9.0,7.0,2.0
Broom Mets,2021-08-19,4,Super Salsa,1.0,7.0,6.0,1.0
Super Salsa,2021-08-19,4,Broom Mets,7.0,1.0,6.0,5.0
Super Salsa,2021-08-20,77,Lanark Festivals,7.0,1.0,7.0,5.0
Cold Travelways,2021-08-20,1,Montreal Raiders,7.0,0.0,5.0,5.0
Montreal Bruins,2021-08-20,4,Ice Bulls,8.0,2.0,7.0,5.0
Ice Bulls,2021-08-20,4,Montreal Bruins,2.0,8.0,7.0,2.0
Montreal Raiders,2021-08-20,1,Cold Travelways,0.0,7.0,5.0,0.0
Broom Hawks,2021-08-22,101,Cape Breton Spartans,9.0,0.0,6.0,4.0
Calgary Cubs,2021-08-24,1,Ottawa Victorias,4.0,6.0,10.0,4.0
Ottawa Victorias,2021-08-24,1,Calgary Cubs,6.0,4.0,10.0,6.0
Montreal Bruins,2021-08-25,69,Sudbury Jets,10.0,7.0,11.0,6.0
Calgary Cougars,2021-08-25,3,Calgary Fleur-de-Lys,4.0,6.0,10.0,6.0
Calgary Fleur-de-Lys,2021-08-25,3,Calgary Cougars,6.0,4.0,10.0,4.0
Broom Hawks,2021-08-25,79,Pembroke Lumber Bears,2.0,7.0,10.0,2.0
Calgary Rockets,2021-08-26,3,Calgary Fleur-de-Lys,6.0,3.0,10.0,5.0
Calgary Cougars,2021-08-26,2,Vancouver Fury,0.0,6.0,6.0,0.0
Vancouver Fury,2021-08-26,2,Calgary Cougars,6.0,0.0,6.0,6.0
Calgary Fleur-de-Lys,2021-08-26,3,Calgary Rockets,3.0,6.0,10.0,5.0
Calgary Bruins,2021-08-28,81,Brockville Spirit,9.0,0.0,5.0,4.0
Calgary Rockets,2021-08-28,10,Melfort Bruins,7.0,0.0,7.0,5.0
Cold Chinooks,2021-08-30,1,Montreal Lasers,1.0,9.0,9.0,2.0
Montreal Lasers,2021-08-30,1,Cold Chinooks,9.0,1.0,9.0,7.0
Super Atlantics,2021-08-30,0,Cold Islanders,6.0,8.0,10.0,4.0
Cold Islanders,2021-08-30,0,Super Atlantics,8.0,6.0,10.0,6.0
Vancouver Fury,2021-09-01,1,Cold Travelways,7.0,1.0,6.0,4.0
Cold Travelways,2021-09-01,1,Vancouver Fury,1.0,7.0,6.0,2.0
Montreal Bruins,2021-09-01,72,Yorkton Indians,4.0,8.0,10.0,2.0
Calgary Bruins,2021-09-03,100,Chilliwack Metros,6.0,0.0,7.0,4.0
Cold Huskies,2021-09-04,37,Halifax Oland Vikings,6.0,0.0,5.0,3.0
Vancouver Islanders,2021-09-05,61,Pierrefonds Canadians,0.0,6.0,5.0,0.0
Super Salsa,2021-09-05,77,Lanark Festivals,5.0,7.0,11.0,4.0
Vancouver Buccaneers,2021-09-05,52,Ottawa Crunch,6.0,0.0,6.0,5.0
Ottawa Greys,2021-09-06,3,Stone Mariners,11.0,0.0,6.0,5.0
Stone Mariners,2021-09-06,3,Ottawa Greys,0.0,11.0,6.0,1.0
Ice Sabres,2021-09-07,29,Richmond Hill Mets,0.0,7.0,10.0,0.0
Cold Colts,2021-09-08,21,Victoria Thunder,7.0,4.0,10.0,3.0
Cold Huskies,2021-09-08,93,Humboldt Vipers,6.0,0.0,7.0,5.0
Vancouver Buccaneers,2021-09-09,2,Montreal Lasers,1.0,8.0,5.0,1.0
Montreal Bruins,2021-09-09,4,Toronto Eagles,10.0,2.0,8.0,7.0
Toronto Eagles,2021-09-09,4,Montreal Bruins,2.0,10.0,8.0,1.0
Calgary Cougars,2021-09-09,21,Victoria Thunder,7.0,0.0,5.0,4.0
Montreal Lasers,2021-09-09,2,Vancouver Buccaneers,8.0,1.0,5.0,4.0
Toronto Eagles,2021-09-10,46,Steinbach Oilers,3.0,9.0,8.0,2.0
Montreal Raiders,2021-09-10,72,Yorkton Indians,4.0,11.0,7.0,2.0
Vancouver Buccaneers,2021-09-11,86,Cape Breton Rustlers,5.0,4.0,10.0,3.0
Cold Huskies,2021-09-11,95,Fort Garry Eagles,4.0,1.0,10.0,4.0
Cold Chinooks,2021-09-11,62,Hamilton Tigers,1.0,7.0,6.0,1.0
Ice Huskies,2021-09-12,7,Southeast Nationals,0.0,7.0,5.0,0.0
Cold Chinooks,2021-09-13,34,Markham Rebels,8.0,2.0,6.0,4.0
Ice Huskies,2021-09-14,7,Southeast Nationals,1.0,12.0,6.0,1.0
Stone Mariners,2021-09-14,8,Peterborough Bearcats,2.0,12.0,9.0,1.0
Calgary Cubs,2021-09-15,84,Windsor Royals,2.0,9.0,8.0,1.0
Ice Unicorns,2021-09-15,36,Thunder Bay Eaters,4.0,5.0,10.0,3.0
Montreal Raiders,2021-09-16,2,Vancouver Fury,0.0,6.0,7.0,0.0
Stone Mariners,2021-09-16,65,Winnipeg Beehives,1.0,9.0,8.0,1.0
Vancouver Fury,2021-09-16,2,Montreal Raiders,6.0,0.0,7.0,7.0
Montreal Bruins,2021-09-17,25,Chateauguay Canucks,6.0,3.0,10.0,3.0
Ottawa Victorias,2021-09-23,10,Melfort Bruins,3.0,10.0,8.0,2.0
Montreal Braves,2021-09-23,11,Penticton Chiefs,9.0,4.0,10.0,6.0
Vancouver Islanders,2021-09-24,92,Toronto Wild,0.0,6.0,5.0,0.0
Ice Dodgers,2021-09-24,77,Lanark Festivals,5.0,7.0,10.0,2.0
Vancouver Islanders,2021-09-25,97,Pembroke Lumber Express,0.0,11.0,5.0,0.0
Montreal Lasers,2021-09-25,4,Super Atlantics,3.0,7.0,10.0,4.0
Calgary Cougars,2021-09-25,42,Vancouver Jr. Terriers,11.0,3.0,6.0,4.0
Super Atlantics,2021-09-25,4,Montreal Lasers,7.0,3.0,10.0,6.0
Calgary Cubs,2021-09-26,63,Moncton Legionaires,8.0,3.0,10.0,4.0
Ottawa Victorias,2021-09-26,4,Cold Colts,2.0,8.0,9.0,1.0
Cold Colts,2021-09-26,4,Ottawa Victorias,8.0,2.0,9.0,8.0
Cold Chinooks,2021-09-28,87,South Surrey Canadians,4.0,3.0,10.0,4.0
Vancouver Islanders,2021-09-29,47,Halifax Flames,0.0,8.0,9.0,0.0
Ice Cougars,2021-10-01,97,Pembroke Lumber Express,2.0,7.0,10.0,2.0
Ice Dodgers,2021-10-03,96,Vernon Bears,4.0,10.0,9.0,1.0
Ice Sabres,2021-10-05,9,Trail Smoke Remparts,2.0,8.0,5.0,1.0
Ice Unicorns,2021-10-06,52,Ottawa Crunch,6.0,0.0,5.0,5.0
Broom Hawks,2021-10-06,101,Cape Breton Spartans,7.0,6.0,10.0,5.0
Toronto Penguins,2021-10-06,48,Halifax A's,4.0,5.0,11.0,4.0
Vancouver Islanders,2021-10-08,71,Thornhill Caribous,3.0,6.0,10.0,2.0
Ice Bulls,2021-10-08,21,Victoria Thunder,0.0,7.0,6.0,0.0
Calgary Cougars,2021-10-09,3,Cold Colts,2.0,4.0,10.0,6.0
Cold Colts,2021-10-09,3,Calgary Cougars,4.0,2.0,10.0,4.0
Super Salsa,2021-10-09,32,Williams Lake Vulcans,7.0,5.0,10.0,6.0
Cold Islanders,2021-10-09,87,South Surrey Canadians,7.0,4.0,10.0,5.0
Montreal Bruins,2021-10-10,31,Thunder Bay Dogs,9.0,1.0,6.0,5.0
Cold Chinooks,2021-10-10,1,Ice Unicorns,1.0,7.0,9.0,3.0
Ice Unicorns,2021-10-10,1,Cold Chinooks,7.0,1.0,9.0,6.0
Super Atlantics,2021-10-10,91,La Salle Eagles,9.0,1.0,8.0,6.0
Vancouver Fury,2021-10-12,1,Ottawa Victorias,5.0,6.0,10.0,4.0
Ottawa Victorias,2021-10-12,1,Vancouver Fury,6.0,5.0,10.0,6.0
Ottawa Greys,2021-10-14,57,New Waterford Pack,7.0,1.0,6.0,4.0
Vancouver Islanders,2021-10-15,47,Halifax Flames,0.0,8.0,8.0,0.0
Ottawa Greys,2021-10-15,54,Saskatoon Rams,5.0,8.0,10.0,3.0
Montreal Braves,2021-10-16,98,Aurora Canadians,11.0,0.0,5.0,5.0
Montreal Bruins,2021-10-16,99,Bellingham Travelways,5.0,3.0,10.0,3.0
Montreal Bruins,2021-10-17,4,Toronto Eagles,11.0,0.0,7.0,7.0
Cold Huskies,2021-10-17,3,Ice Sabres,6.0,0.0,6.0,6.0
Ice Sabres,2021-10-17,3,Cold Huskies,0.0,6.0,6.0,0.0
Toronto Eagles,2021-10-17,4,Montreal Bruins,0.0,11.0,7.0,0.0
Ice Sabres,2021-10-18,75,New Westminster Thunder,0.0,16.0,6.0,0.0
Broom Hawks,2021-10-18,19,Rosemont Bears,12.0,0.0,5.0,5.0
Montreal Braves,2021-10-19,98,Aurora Canadians,10.0,2.0,8.0,6.0
Montreal Raiders,2021-10-19,31,Thunder Bay Dogs,2.0,8.0,9.0,2.0
Vancouver Islanders,2021-10-19,61,Pierrefonds Canadians,0.0,6.0,5.0,0.0
Ice Sabres,2021-10-20,37,Halifax Oland Vikings,2.0,5.0,10.0,2.0
Cold Travelways,2021-10-21,99,Bellingham Travelways,7.0,4.0,10.0,5.0
Toronto Penguins,2021-10-22,0,Ice Cougars,10.0,0.0,7.0,7.0
Broom Hawks,2021-10-22,22,Ste. Agathe Flyers,6.0,3.0,10.0,2.0
Ice Cougars,2021-10-22,0,Toronto Penguins,0.0,10.0,7.0,0.0
Toronto Penguins,2021-10-23,15,Elliot Lake Wings,0.0,7.0,5.0,0.0
Vancouver Islanders,2021-10-25,92,Toronto Wild,1.0,7.0,7.0,1.0
Vancouver Islanders,2021-10-26,61,Pierrefonds Canadians,0.0,8.0,5.0,0.0
Montreal Bruins,2021-10-27,58,Canmore Rats,6.0,0.0,5.0,4.0
Calgary Rockets,2021-10-29,76,Whitby Lakers,7.0,1.0,7.0,6.0
Game of Stones,2021-10-29,71,Thornhill Caribous,10.0,0.0,5.0,5.0
Game of Stones,2021-10-30,16,Bancroft Waxers,5.0,8.0,10.0,3.0
Calgary Fleur-de-Lys,2021-10-30,31,Thunder Bay Dogs,5.0,4.0,11.0,5.0
Montreal Braves,2021-10-31,2,Super Lords,6.0,0.0,8.0,5.0
Montreal Bruins,2021-10-31,69,Sudbury Jets,7.0,0.0,7.0,5.0
Super Lords,2021-10-31,2,Montreal Braves,0.0,6.0,8.0,3.0
Ottawa Kiltys,2021-11-02,77,Lanark Festivals,3.0,4.0,10.0,2.0
Ice Huskies,2021-11-02,4,Super Salsa,2.0,9.0,5.0,1.0
Super Salsa,2021-11-02,4,Ice Huskies,9.0,2.0,5.0,4.0
Ice Dodgers,2021-11-02,38,Espanola Screaming Crystals,7.0,5.0,10.0,4.0
Ice Bulls,2021-11-04,69,Sudbury Jets,5.0,7.0,10.0,3.0
Ice Sabres,2021-11-05,29,Richmond Hill Mets,0.0,7.0,5.0,0.0
Ottawa Victorias,2021-11-05,69,Sudbury Jets,8.0,1.0,6.0,4.0
Stone Mariners,2021-11-06,7,Southeast Nationals,4.0,7.0,10.0,2.0
Montreal Bruins,2021-11-06,76,Whitby Lakers,6.0,3.0,10.0,4.0
Stone Mariners,2021-11-08,89,Williams Lake Warriors,0.0,5.0,10.0,0.0
Cold Huskies,2021-11-08,81,Brockville Spirit,8.0,2.0,7.0,5.0
Calgary Bruins,2021-11-08,95,Fort Garry Eagles,7.0,8.0,10.0,4.0
Super Salsa,2021-11-09,50,Ajax Sports,8.0,0.0,7.0,4.0
Ice Sabres,2021-11-09,3,Calgary Bruins,0.0,8.0,5.0,0.0
Calgary Bruins,2021-11-09,3,Ice Sabres,8.0,0.0,5.0,5.0
Ottawa Greys,2021-11-10,24,Sidney Terriers,7.0,1.0,5.0,4.0
Ice Cougars,2021-11-10,20,Dartmouth Oland Thunderbirds,3.0,6.0,10.0,3.0
Vancouver Buccaneers,2021-11-11,83,North York Capitals,3.0,10.0,7.0,2.0
Toronto Eagles,2021-11-11,102,Nickel Centre Terriers,6.0,7.0,10.0,3.0
Ice Sabres,2021-11-13,93,Humboldt Vipers,3.0,7.0,10.0,2.0
Ice Bulls,2021-11-13,99,Bellingham Travelways,2.0,7.0,10.0,2.0
Montreal Bruins,2021-11-14,58,Canmore Rats,7.0,1.0,6.0,5.0
Stone Mariners,2021-11-16,54,Saskatoon Rams,0.0,7.0,6.0,0.0
Montreal Braves,2021-11-16,11,Penticton Chiefs,7.0,1.0,6.0,4.0
Super Salsa,2021-11-17,65,Winnipeg Beehives,6.0,4.0,10.0,5.0
Ice Unicorns,2021-11-18,53,Toronto 73's,7.0,6.0,13.0,5.0
Baby Broomers,2021-11-19,18,Mississauga Cougars,7.0,1.0,5.0,3.0
Super Salsa,2021-11-21,44,Thunder Bay Panthers,6.0,7.0,10.0,3.0
Ice Dodgers,2021-11-21,89,Williams Lake Warriors,2.0,9.0,8.0,1.0
Game of Stones,2021-11-23,71,Thornhill Caribous,8.0,0.0,6.0,5.0
Ottawa Victorias,2021-11-25,1,Montreal Raiders,2.0,8.0,9.0,5.0
Ottawa Kiltys,2021-11-25,17,Brandon Warriors,2.0,11.0,6.0,1.0
Montreal Raiders,2021-11-25,1,Ottawa Victorias,8.0,2.0,9.0,4.0
Cold Islanders,2021-11-25,0,Ice Unicorns,8.0,7.0,11.0,7.0
Ice Unicorns,2021-11-25,0,Cold Islanders,7.0,8.0,11.0,4.0
Ice Huskies,2021-11-27,90,Langley Hawks,3.0,7.0,10.0,2.0
Cold Colts,2021-11-29,25,Chateauguay Canucks,3.0,5.0,10.0,2.0
Calgary Cougars,2021-11-29,42,Vancouver Jr. Terriers,11.0,0.0,5.0,5.0
Game of Stones,2021-12-01,1,Ice Cougars,5.0,3.0,10.0,7.0
Ice Cougars,2021-12-01,1,Game of Stones,3.0,5.0,10.0,3.0
Montreal Lasers,2021-12-02,68,Vernon Crystals,5.0,6.0,10.0,4.0
Ice Unicorns,2021-12-03,0,Cold Islanders,4.0,7.0,10.0,3.0
Cold Islanders,2021-12-03,0,Ice Unicorns,7.0,4.0,10.0,7.0
Toronto Olympics,2021-12-06,74,Port-aux-Basques Buccaneers,7.0,6.0,11.0,4.0
Toronto Penguins,2021-12-06,92,Toronto Wild,5.0,3.0,10.0,5.0
Vancouver Buccaneers,2021-12-06,91,La Salle Eagles,1.0,8.0,8.0,1.0
Cold Huskies,2021-12-07,3,Ice Sabres,9.0,0.0,5.0,5.0
Ice Dodgers,2021-12-07,77,Lanark Festivals,9.0,6.0,10.0,6.0
Ice Sabres,2021-12-07,3,Cold Huskies,0.0,9.0,5.0,0.0
Calgary Cubs,2021-12-08,46,Steinbach Oilers,7.0,6.0,10.0,4.0
Cold Chinooks,2021-12-09,87,South Surrey Canadians,13.0,2.0,8.0,5.0
Ottawa Greys,2021-12-10,7,Southeast Nationals,6.0,0.0,5.0,3.0
Stone Mariners,2021-12-11,3,Ice Huskies,3.0,9.0,6.0,2.0
Ice Huskies,2021-12-11,3,Stone Mariners,9.0,3.0,6.0,4.0
Toronto Rockets,2021-12-11,0,Montreal Vipers,3.0,6.0,10.0,5.0
Montreal Vipers,2021-12-11,0,Toronto Rockets,6.0,3.0,10.0,5.0
Ottawa Greys,2021-12-11,77,Lanark Festivals,3.0,9.0,8.0,3.0
Toronto Eagles,2021-12-12,4,Cold Colts,1.0,8.0,9.0,1.0
Ice Unicorns,2021-12-12,4,Montreal Lasers,4.0,8.0,10.0,4.0
Cold Colts,2021-12-12,4,Toronto Eagles,8.0,1.0,9.0,8.0
Montreal Lasers,2021-12-12,4,Ice Unicorns,8.0,4.0,10.0,6.0
Ice Unicorns,2021-12-13,91,La Salle Eagles,7.0,6.0,10.0,4.0
Montreal Bruins,2021-12-13,63,Moncton Legionaires,11.0,5.0,8.0,6.0
Ottawa Greys,2021-12-13,7,Southeast Nationals,7.0,0.0,5.0,4.0
Cold Colts,2021-12-14,4,Toronto Eagles,9.0,2.0,9.0,8.0
Broom Mets,2021-12-14,17,Brandon Warriors,3.0,7.0,10.0,2.0
Toronto Eagles,2021-12-14,4,Cold Colts,2.0,9.0,9.0,1.0
Montreal Vipers,2021-12-15,88,Niagara Falls Filons,7.0,4.0,10.0,5.0
Toronto Eagles,2021-12-17,0,Calgary Cubs,4.0,8.0,10.0,4.0
Calgary Cubs,2021-12-17,0,Toronto Eagles,8.0,4.0,10.0,6.0
Super Salsa,2021-12-19,90,Langley Hawks,6.0,2.0,10.0,5.0
Ice Unicorns,2021-12-19,64,Vancouver Canadiens,6.0,2.0,10.0,6.0
Ottawa Victorias,2021-12-20,58,Canmore Rats,6.0,5.0,10.0,3.0
Ice Dodgers,2021-12-20,96,Vernon Bears,6.0,7.0,10.0,4.0
Ottawa Greys,2021-12-22,85,Sherwood Park Grads,6.0,1.0,10.0,4.0
Vancouver Fury,2021-12-22,72,Yorkton Indians,7.0,8.0,11.0,4.0
Ice Sabres,2021-12-23,33,Iron Range Penguins,1.0,8.0,10.0,1.0
Ice Unicorns,2021-12-25,62,Hamilton Tigers,10.0,0.0,7.0,6.0
Ice Dodgers,2021-12-26,17,Brandon Warriors,0.0,6.0,5.0,0.0
Game of Stones,2021-12-28,47,Halifax Flames,7.0,8.0,10.0,3.0
Ice Huskies,2021-12-28,3,Toronto Olympics,2.0,8.0,7.0,2.0
Toronto Olympics,2021-12-28,3,Ice Huskies,8.0,2.0,7.0,5.0
Cold Islanders,2021-12-29,2,Vancouver Buccaneers,7.0,1.0,5.0,4.0
Vancouver Buccaneers,2021-12-29,2,Cold Islanders,1.0,7.0,5.0,1.0
Toronto Rockets,2021-12-30,79,Pembroke Lumber Bears,0.0,8.0,5.0,0.0
Montreal Raiders,2021-12-30,4,Calgary Fleur-de-Lys,4.0,8.0,10.0,4.0
Calgary Fleur-de-Lys,2021-12-30,4,Montreal Raiders,8.0,4.0,10.0,6.0
Ice Bulls,2022-01-01,31,Thunder Bay Dogs,3.0,7.0,10.0,3.0
Montreal Braves,2022-01-04,11,Penticton Chiefs,8.0,1.0,5.0,4.0
Super Salsa,2022-01-04,4,Ice Huskies,7.0,5.0,10.0,7.0
Rolling Stones,2022-01-04,91,La Salle Eagles,8.0,2.0,6.0,4.0
Ice Huskies,2022-01-04,4,Super Salsa,5.0,7.0,10.0,3.0
Calgary Metros,2022-01-05,18,Mississauga Cougars,7.0,1.0,6.0,5.0
Toronto Rockets,2022-01-05,79,Pembroke Lumber Bears,0.0,8.0,5.0,0.0
Cold Huskies,2022-01-06,33,Iron Range Penguins,7.0,1.0,5.0,3.0
Calgary Metros,2022-01-08,68,Vernon Crystals,7.0,5.0,10.0,5.0
Vancouver Fury,2022-01-08,35,Sidney Eagles,0.0,8.0,5.0,0.0
Broom Hawks,2022-01-09,11,Penticton Chiefs,8.0,5.0,10.0,5.0
Ice Huskies,2022-01-09,57,New Waterford Pack,6.0,7.0,10.0,5.0
Toronto Eagles,2022-01-12,31,Thunder Bay Dogs,0.0,8.0,7.0,0.0
Toronto Olympics,2022-01-12,90,Langley Hawks,7.0,5.0,11.0,6.0
Ice Cougars,2022-01-13,0,Vancouver Islanders,6.0,5.0,10.0,7.0
Vancouver Islanders,2022-01-13,0,Ice Cougars,5.0,6.0,10.0,3.0
Toronto Olympics,2022-01-13,26,Wexford Beehives,9.0,3.0,7.0,4.0
Toronto Penguins,2022-01-14,1,Game of Stones,4.0,5.0,10.0,4.0
Game of Stones,2022-01-14,1,Toronto Penguins,5.0,4.0,10.0,6.0
Montreal Braves,2022-01-15,5,Port Hope Islanders,7.0,0.0,5.0,4.0
Ottawa Greys,2022-01-16,78,Halifax Oland Centennials,7.0,4.0,10.0,5.0
Stone Mariners,2022-01-16,96,Vernon Bears,1.0,9.0,6.0,1.0
Cold Islanders,2022-01-16,4,Montreal Lasers,11.0,3.0,9.0,7.0
Montreal Lasers,2022-01-16,4,Cold Islanders,3.0,11.0,9.0,2.0
Cold Chinooks,2022-01-17,3,Calgary Metros,1.0,8.0,5.0,1.0
Calgary Metros,2022-01-17,3,Cold Chinooks,8.0,1.0,5.0,4.0
Rolling Stones,2022-01-18,41,Dartmouth Crunch,14.0,0.0,7.0,6.0
Vancouver Fury,2022-01-20,1,Cold Travelways,7.0,1.0,5.0,3.0
Cold Travelways,2022-01-20,1,Vancouver Fury,1.0,7.0,5.0,2.0
Super Salsa,2022-01-23,4,Ottawa Kiltys,3.0,10.0,7.0,2.0
Ottawa Kiltys,2022-01-23,4,Super Salsa,10.0,3.0,7.0,5.0
Ottawa Victorias,2022-01-24,4,Montreal Raiders,7.0,1.0,7.0,6.0
Ice Sabres,2022-01-24,70,Calgary Marauders,9.0,3.0,8.0,5.0
Montreal Raiders,2022-01-24,4,Ottawa Victorias,1.0,7.0,7.0,1.0
Stone Mariners,2022-01-24,6,Cape Breton Lumberjacks,0.0,6.0,7.0,0.0
Stone Timberwolves,2022-01-24,24,Sidney Terriers,9.0,0.0,5.0,5.0
Super Atlantics,2022-01-24,3,Rolling Stones,7.0,3.0,10.0,5.0
Rolling Stones,2022-01-24,3,Super Atlantics,3.0,7.0,10.0,5.0
Toronto Penguins,2022-01-24,12,Kanata Valley Vipers,6.0,3.0,10.0,5.0
Cold Islanders,2022-01-25,91,La Salle Eagles,7.0,0.0,6.0,4.0
Ottawa Kiltys,2022-01-25,2,Stone Timberwolves,0.0,11.0,6.0,0.0
Stone Timberwolves,2022-01-25,2,Ottawa Kiltys,11.0,0.0,6.0,6.0
Calgary Fleur-de-Lys,2022-01-26,46,Steinbach Oilers,3.0,6.0,10.0,1.0
Ottawa Victorias,2022-01-26,1,Ice Bulls,7.0,6.0,10.0,6.0
Super Salsa,2022-01-26,3,Ice Huskies,8.0,0.0,5.0,4.0
Ice Bulls,2022-01-26,1,Ottawa Victorias,6.0,7.0,10.0,4.0
Ice Huskies,2022-01-26,3,Super Salsa,0.0,8.0,5.0,1.0
Montreal Raiders,2022-01-27,4,Montreal Bruins,0.0,8.0,5.0,1.0
Vancouver Islanders,2022-01-27,15,Elliot Lake Wings,0.0,12.0,5.0,0.0
Montreal Bruins,2022-01-27,4,Montreal Raiders,8.0,0.0,5.0,4.0
Vancouver Fury,2022-01-29,2,Ottawa Victorias,7.0,5.0,10.0,7.0
Ottawa Victorias,2022-01-29,2,Vancouver Fury,5.0,7.0,10.0,3.0
Montreal Lasers,2022-01-29,62,Hamilton Tigers,3.0,9.0,8.0,2.0
Cold Islanders,2022-01-30,18,Mississauga Cougars,9.0,1.0,7.0,5.0
Toronto Penguins,2022-01-31,51,Richmond Hill Tondas,8.0,1.0,5.0,4.0
Broom Hawks,2022-02-01,0,Toronto Rockets,8.0,0.0,5.0,5.0
Toronto Rockets,2022-02-01,0,Broom Hawks,0.0,8.0,5.0,0.0
Ice Dodgers,2022-02-02,1,Ottawa Greys,3.0,6.0,10.0,2.0
Ottawa Greys,2022-02-02,1,Ice Dodgers,6.0,3.0,10.0,8.0
Calgary Fleur-de-Lys,2022-02-03,3,Calgary Rockets,1.0,7.0,8.0,4.0
Vancouver Buccaneers,2022-02-03,86,Cape Breton Rustlers,6.0,4.0,10.0,4.0
Calgary Rockets,2022-02-03,3,Calgary Fleur-de-Lys,7.0,1.0,8.0,4.0
Montreal Bruins,2022-02-04,21,Victoria Thunder,6.0,4.0,10.0,4.0
Broom Mets,2022-02-04,77,Lanark Festivals,1.0,9.0,7.0,1.0
Montreal Bruins,2022-02-05,84,Windsor Royals,3.0,11.0,9.0,2.0
Ice Cougars,2022-02-06,12,Kanata Valley Vipers,5.0,6.0,10.0,4.0
Stone Timberwolves,2022-02-06,65,Winnipeg Beehives,6.0,3.0,10.0,4.0
Broom Hawks,2022-02-07,98,Aurora Canadians,12.0,9.0,10.0,3.0
Toronto Olympics,2022-02-08,38,Espanola Screaming Crystals,10.0,2.0,8.0,6.0
Stone Mariners,2022-02-09,1,Ottawa Kiltys,1.0,8.0,6.0,1.0
Cold Chinooks,2022-02-09,1,Vancouver Buccaneers,4.0,6.0,10.0,6.0
Toronto Olympics,2022-02-09,4,Super Salsa,7.0,6.0,10.0,4.0
Super Salsa,2022-02-09,4,Toronto Olympics,6.0,7.0,10.0,6.0
Vancouver Buccaneers,2022-02-09,1,Cold Chinooks,6.0,4.0,10.0,4.0
Ottawa Kiltys,2022-02-09,1,Stone Mariners,8.0,1.0,6.0,5.0
Ice Huskies,2022-02-09,7,Southeast Nationals,4.0,10.0,7.0,2.0
Montreal Braves,2022-02-09,88,Niagara Falls Filons,10.0,5.0,10.0,7.0
Cold Chinooks,2022-02-12,86,Cape Breton Rustlers,3.0,9.0,8.0,2.0
Toronto Olympics,2022-02-15,32,Williams Lake Vulcans,7.0,4.0,10.0,4.0
Cold Chinooks,2022-02-15,36,Thunder Bay Eaters,1.0,8.0,8.0,1.0
Vancouver Buccaneers,2022-02-15,34,Markham Rebels,0.0,6.0,6.0,0.0
Ice Sabres,2022-02-15,9,Trail Smoke Remparts,2.0,6.0,10.0,2.0
Super Salsa,2022-02-16,74,Port-aux-Basques Buccaneers,2.0,11.0,8.0,2.0
Toronto Rockets,2022-02-16,11,Penticton Chiefs,0.0,6.0,5.0,0.0
Cold Huskies,2022-02-16,55,Markham Rockets,5.0,6.0,10.0,4.0
Broom Hawks,2022-02-16,19,Rosemont Bears,6.0,0.0,5.0,3.0
Calgary Cougars,2022-02-18,72,Yorkton Indians,3.0,7.0,10.0,2.0
Cold Travelways,2022-02-18,35,Sidney Eagles,6.0,12.0,11.0,4.0
Vancouver Islanders,2022-02-18,30,Peterborough Jr. Patriots,0.0,7.0,7.0,0.0
Montreal Vipers,2022-02-19,19,Rosemont Bears,8.0,0.0,5.0,5.0
Vancouver Buccaneers,2022-02-21,34,Markham Rebels,8.0,11.0,10.0,4.0
Toronto Eagles,2022-02-21,46,Steinbach Oilers,0.0,6.0,5.0,0.0
Ice Huskies,2022-02-21,24,Sidney Terriers,6.0,0.0,6.0,4.0
Cold Colts,2022-02-24,58,Canmore Rats,10.0,0.0,8.0,8.0
Montreal Raiders,2022-02-26,72,Yorkton Indians,0.0,7.0,7.0,0.0
Montreal Braves,2022-02-27,0,Toronto Rockets,8.0,1.0,7.0,6.0
Cold Islanders,2022-02-27,1,Cold Chinooks,6.0,4.0,10.0,5.0
Ice Bulls,2022-02-27,4,Montreal Bruins,7.0,9.0,10.0,4.0
Toronto Rockets,2022-02-27,0,Montreal Braves,1.0,8.0,7.0,1.0
Montreal Bruins,2022-02-27,4,Ice Bulls,9.0,7.0,10.0,6.0
Cold Chinooks,2022-02-27,1,Cold Islanders,4.0,6.0,10.0,5.0
Calgary Fleur-de-Lys,2022-03-01,102,Nickel Centre Terriers,2.0,3.0,10.0,1.0
Super Salsa,2022-03-01,6,Cape Breton Lumberjacks,7.0,3.0,10.0,5.0
Ice Huskies,2022-03-02,54,Saskatoon Rams,0.0,6.0,5.0,0.0
Toronto Olympics,2022-03-02,78,Halifax Oland Centennials,8.0,1.0,6.0,5.0
Toronto Eagles,2022-03-02,0,Calgary Cubs,5.0,7.0,10.0,5.0
Calgary Cubs,2022-03-02,0,Toronto Eagles,7.0,5.0,10.0,5.0
Calgary Metros,2022-03-04,60,Villanova Terriers,10.0,5.0,10.0,6.0
Stone Mariners,2022-03-05,6,Cape Breton Lumberjacks,1.0,7.0,8.0,1.0
Vancouver Buccaneers,2022-03-06,1,Cold Chinooks,1.0,8.0,5.0,1.0
Cold Chinooks,2022-03-06,1,Vancouver Buccaneers,8.0,1.0,5.0,4.0
Vancouver Buccaneers,2022-03-07,18,Mississauga Cougars,10.0,0.0,5.0,5.0
Cold Huskies,2022-03-07,93,Humboldt Vipers,8.0,5.0,10.0,4.0
Super Lords,2022-03-08,56,Thetford Mines Blizzard,3.0,9.0,8.0,3.0
Ice Sabres,2022-03-09,29,Richmond Hill Mets,4.0,9.0,10.0,3.0
Toronto Eagles,2022-03-10,46,Steinbach Oilers,2.0,8.0,5.0,2.0
Ice Bulls,2022-03-14,42,Vancouver Jr. Terriers,3.0,4.0,10.0,2.0
Cold Colts,2022-03-14,25,Chateauguay Canucks,3.0,10.0,8.0,1.0
Calgary Rockets,2022-03-16,102,Nickel Centre Terriers,7.0,2.0,10.0,5.0
Calgary Bruins,2022-03-19,27,Burlington Stampeders,8.0,2.0,6.0,3.0
Cold Islanders,2022-03-19,68,Vernon Crystals,6.0,9.0,10.0,2.0
Cold Islanders,2022-03-20,23,Laval Rousseau 77's,4.0,10.0,8.0,1.0
Broom Mets,2022-03-21,65,Winnipeg Beehives,4.0,6.0,10.0,2.0
Ice Dodgers,2022-03-21,3,Ice Huskies,8.0,3.0,10.0,6.0
Ice Huskies,2022-03-21,3,Ice Dodgers,3.0,8.0,10.0,4.0
Toronto Penguins,2022-03-21,61,Pierrefonds Canadians,5.0,7.0,11.0,3.0
Cold Huskies,2022-03-22,3,Calgary Bruins,6.0,4.0,11.0,7.0
Calgary Bruins,2022-03-22,3,Cold Huskies,4.0,6.0,11.0,4.0
Ottawa Greys,2022-03-23,6,Cape Breton Lumberjacks,1.0,7.0,6.0,1.0
Ottawa Greys,2022-03-24,7,Southeast Nationals,8.0,5.0,10.0,4.0
Calgary Metros,2022-03-26,4,Ice Unicorns,8.0,1.0,7.0,4.0
Ice Unicorns,2022-03-26,4,Calgary Metros,1.0,8.0,7.0,3.0
Calgary Rockets,2022-03-28,3,Montreal Bruins,10.0,6.0,11.0,7.0
Montreal Bruins,2022-03-28,3,Calgary Rockets,6.0,10.0,11.0,4.0
Montreal Bruins,2022-03-30,99,Bellingham Travelways,11.0,1.0,10.0,8.0
Vancouver Fury,2022-03-31,102,Nickel Centre Terriers,7.0,0.0,6.0,5.0
Ice Sabres,2022-04-01,55,Markham Rockets,3.0,10.0,6.0,2.0
Montreal Braves,2022-04-02,45,Prince Albert Marrs,7.0,1.0,7.0,5.0
Toronto Rockets,2022-04-02,79,Pembroke Lumber Bears,0.0,7.0,6.0,0.0
Montreal Lasers,2022-04-03,66,Vancouver Flyers,4.0,10.0,9.0,2.0
Stone Timberwolves,2022-04-03,50,Ajax Sports,7.0,0.0,7.0,6.0
Cold Travelways,2022-04-04,69,Sudbury Jets,6.0,7.0,10.0,4.0
Calgary Metros,2022-04-05,103,Riverview Elites,9.0,1.0,6.0,4.0
Toronto Olympics,2022-04-07,0,Ice Huskies,7.0,0.0,6.0,6.0
Ice Huskies,2022-04-07,0,Toronto Olympics,0.0,7.0,6.0,0.0
Broom Mets,2022-04-07,7,Southeast Nationals,3.0,8.0,10.0,3.0
Calgary Rockets,2022-04-08,21,Victoria Thunder,7.0,0.0,5.0,4.0
Broom Hawks,2022-04-10,0,Toronto Rockets,11.0,3.0,7.0,6.0
Toronto Rockets,2022-04-10,0,Broom Hawks,3.0,11.0,7.0,1.0
Broom Hawks,2022-04-11,2,Super Lords,6.0,0.0,5.0,5.0
Super Lords,2022-04-11,2,Broom Hawks,0.0,6.0,5.0,0.0
Cold Travelways,2022-04-11,63,Moncton Legionaires,6.0,5.0,11.0,5.0
Montreal Vipers,2022-04-13,67,Edmonton Maple Predators,8.0,5.0,10.0,4.0
Vancouver Buccaneers,2022-04-14,103,Riverview Elites,8.0,7.0,10.0,3.0
Montreal Bruins,2022-04-15,69,Sudbury Jets,8.0,0.0,5.0,4.0
Montreal Lasers,2022-04-17,43,Temiscaming Hawks,1.0,8.0,8.0,1.0
Curlers Terriers,2022-04-17,22,Ste. Agathe Flyers,7.0,5.0,10.0,3.0
Ottawa Greys,2022-04-18,65,Winnipeg Beehives,6.0,0.0,6.0,5.0
Cold Islanders,2022-04-19,36,Thunder Bay Eaters,3.0,1.0,10.0,3.0
Cold Islanders,2022-04-20,2,Vancouver Buccaneers,7.0,0.0,5.0,4.0
Vancouver Buccaneers,2022-04-20,2,Cold Islanders,0.0,7.0,5.0,1.0
Toronto Eagles,2022-04-20,0,Calgary Cubs,3.0,7.0,10.0,5.0
Calgary Cubs,2022-04-20,0,Toronto Eagles,7.0,3.0,10.0,5.0
Ice Huskies,2022-04-20,85,Sherwood Park Grads,4.0,7.0,10.0,3.0
Stone Mariners,2022-04-21,4,Super Salsa,1.0,7.0,7.0,1.0
Super Salsa,2022-04-21,4,Stone Mariners,7.0,1.0,7.0,6.0
Ice Cougars,2022-04-21,13,Halifax Team Leafs,2.0,8.0,9.0,2.0
Ice Huskies,2022-04-21,7,Southeast Nationals,0.0,9.0,5.0,0.0
Calgary Rockets,2022-04-22,46,Steinbach Oilers,8.0,0.0,5.0,5.0
Ottawa Greys,2022-04-22,96,Vernon Bears,5.0,2.0,10.0,4.0
Calgary Bruins,2022-04-24,9,Trail Smoke Remparts,7.0,6.0,10.0,4.0
Calgary Rockets,2022-04-26,4,Montreal Raiders,10.0,0.0,5.0,5.0
Toronto Eagles,2022-04-26,63,Moncton Legionaires,5.0,3.0,10.0,3.0
Broom Mets,2022-04-26,32,Williams Lake Vulcans,5.0,6.0,10.0,3.0
Montreal Raiders,2022-04-26,4,Calgary Rockets,0.0,10.0,5.0,0.0
Ottawa Kiltys,2022-04-27,82,Oswego Cougars,3.0,2.0,10.0,3.0
Montreal Raiders,2022-04-27,99,Bellingham Travelways,12.0,5.0,10.0,5.0
Vancouver Islanders,2022-04-28,2,Game of Stones,0.0,6.0,7.0,2.0
Montreal Bruins,2022-04-28,46,Steinbach Oilers,8.0,0.0,5.0,5.0
Game of Stones,2022-04-28,2,Vancouver Islanders,6.0,0.0,7.0,5.0
Super Salsa,2022-04-29,89,Williams Lake Warriors,6.0,7.0,10.0,2.0
Montreal Bruins,2022-04-30,58,Canmore Rats,9.0,0.0,9.0,7.0
Ice Sabres,2022-04-30,39,Charlottetown Schooners,0.0,10.0,6.0,0.0
Ottawa Greys,2022-05-01,90,Langley Hawks,6.0,7.0,10.0,5.0
Ice Bulls,2022-05-03,63,Moncton Legionaires,1.0,8.0,5.0,1.0
Cold Huskies,2022-05-03,75,New Westminster Thunder,2.0,7.0,10.0,2.0
Montreal Bruins,2022-05-04,4,Calgary Cubs,7.0,5.0,10.0,8.0
Ice Unicorns,2022-05-04,43,Temiscaming Hawks,4.0,6.0,10.0,3.0
Calgary Cubs,2022-05-04,4,Montreal Bruins,5.0,7.0,10.0,2.0
Broom Mets,2022-05-04,1,Ottawa Kiltys,0.0,6.0,6.0,2.0
Ottawa Kiltys,2022-05-04,1,Broom Mets,6.0,0.0,6.0,4.0
Ice Huskies,2022-05-04,7,Southeast Nationals,3.0,11.0,9.0,2.0
Ice Unicorns,2022-05-05,41,Dartmouth Crunch,9.0,1.0,5.0,4.0
Ottawa Victorias,2022-05-05,102,Nickel Centre Terriers,7.0,6.0,10.0,3.0
Vancouver Fury,2022-05-05,2,Montreal Raiders,7.0,5.0,10.0,8.0
Montreal Raiders,2022-05-05,2,Vancouver Fury,5.0,7.0,10.0,2.0
Toronto Penguins,2022-05-06,28,Thunder Bay Thunder,6.0,10.0,10.0,4.0
Ice Bulls,2022-05-06,42,Vancouver Jr. Terriers,4.0,7.0,10.0,2.0
Ice Unicorns,2022-05-06,0,Cold Islanders,1.0,7.0,8.0,1.0
Cold Islanders,2022-05-06,0,Ice Unicorns,7.0,1.0,8.0,7.0
Ice Dodgers,2022-05-06,50,Ajax Sports,8.0,1.0,7.0,4.0
Ice Unicorns,2022-05-07,23,Laval Rousseau 77's,4.0,7.0,10.0,3.0
Montreal Lasers,2022-05-07,53,Toronto 73's,8.0,1.0,5.0,4.0
Calgary Cougars,2022-05-08,4,Montreal Raiders,7.0,5.0,10.0,4.0
Montreal Raiders,2022-05-08,4,Calgary Cougars,5.0,7.0,10.0,6.0
Super Lords,2022-05-08,2,Broom Hawks,2.0,8.0,9.0,1.0
Broom Hawks,2022-05-08,2,Super Lords,8.0,2.0,9.0,8.0
Stone Timberwolves,2022-05-09,26,Wexford Beehives,9.0,2.0,6.0,5.0
Calgary Rockets,2022-05-09,21,Victoria Thunder,9.0,4.0,10.0,6.0
Montreal Raiders,2022-05-10,25,Chateauguay Canucks,0.0,9.0,7.0,0.0
Toronto Penguins,2022-05-11,71,Thornhill Caribous,6.0,0.0,6.0,4.0
Super Atlantics,2022-05-13,18,Mississauga Cougars,7.0,0.0,6.0,4.0
Montreal Lasers,2022-05-13,0,Cold Islanders,3.0,9.0,6.0,2.0
Cold Islanders,2022-05-13,0,Montreal Lasers,9.0,3.0,6.0,4.0
Stone Timberwolves,2022-05-15,96,Vernon Bears,10.0,12.0,11.0,3.0
Super Atlantics,2022-05-15,1,Cold Chinooks,11.0,0.0,6.0,6.0
Cold Chinooks,2022-05-15,1,Super Atlantics,0.0,11.0,6.0,0.0
Toronto Olympics,2022-05-16,3,Stone Mariners,7.0,0.0,5.0,5.0
Super Salsa,2022-05-16,4,Ottawa Kiltys,7.0,1.0,5.0,4.0
Stone Mariners,2022-05-16,3,Toronto Olympics,0.0,7.0,5.0,0.0
Ottawa Kiltys,2022-05-16,4,Super Salsa,1.0,7.0,5.0,1.0
Super Salsa,2022-05-20,44,Thunder Bay Panthers,10.0,4.0,7.0,5.0
Stone Timberwolves,2022-05-20,32,Williams Lake Vulcans,6.0,7.0,10.0,4.0
Super Salsa,2022-05-21,49,North Sydney Spitfires,6.0,0.0,5.0,4.0
Toronto Penguins,2022-05-21,97,Pembroke Lumber Express,9.0,3.0,8.0,6.0
Broom Hawks,2022-05-22,88,Niagara Falls Filons,9.0,5.0,10.0,4.0
Ottawa Greys,2022-05-22,7,Southeast Nationals,7.0,1.0,7.0,6.0
Calgary Cubs,2022-05-22,72,Yorkton Indians,3.0,7.0,10.0,3.0
Ice Huskies,2022-05-24,24,Sidney Terriers,4.0,5.0,10.0,2.0
Calgary Fleur-de-Lys,2022-05-24,3,Calgary Rockets,2.0,9.0,9.0,1.0
Calgary Rockets,2022-05-24,3,Calgary Fleur-de-Lys,9.0,2.0,9.0,8.0
Toronto Penguins,2022-05-26,71,Thornhill Caribous,6.0,3.0,10.0,4.0
Ice Bulls,2022-05-26,4,Ottawa Victorias,3.0,8.0,10.0,4.0
Ottawa Victorias,2022-05-26,4,Ice Bulls,8.0,3.0,10.0,6.0
Montreal Vipers,2022-05-26,79,Pembroke Lumber Bears,5.0,6.0,10.0,4.0
Ice Sabres,2022-05-28,75,New Westminster Thunder,0.0,10.0,7.0,0.0
Rolling Stones,2022-05-28,3,Montreal Lasers,6.0,5.0,10.0,7.0
Montreal Lasers,2022-05-28,3,Rolling Stones,5.0,6.0,10.0,3.0
Ice Bulls,2022-05-29,58,Canmore Rats,9.0,2.0,5.0,4.0
Calgary Cubs,2022-05-29,3,Calgary Fleur-de-Lys,10.0,0.0,6.0,6.0
Calgary Fleur-de-Lys,2022-05-29,3,Calgary Cubs,0.0,10.0,6.0,0.0
Curlers Terriers,2022-05-30,19,Rosemont Bears,6.0,0.0,6.0,5.0
Calgary Cougars,2022-05-30,3,Calgary Cubs,8.0,6.0,10.0,6.0
Calgary Cubs,2022-05-30,3,Calgary Cougars,6.0,8.0,10.0,4.0
Ice Unicorns,2022-06-01,68,Vernon Crystals,,,,
Toronto Penguins,2022-06-02,0,Ice Cougars,,,,
Curlers Terriers,2022-06-02,4,Montreal Braves,,,,
Montreal Braves,2022-06-02,4,Curlers Terriers,,,,
Cold Huskies,2022-06-02,70,Calgary Marauders,,,,
Ice Cougars,2022-06-02,0,Toronto Penguins,,,,
Ottawa Greys,2022-06-03,77,Lanark Festivals,,,,
Curlers Terriers,2022-06-03,22,Ste. Agathe Flyers,,,,
Stone Timberwolves,2022-06-04,38,Espanola Screaming Crystals,,,,
Vancouver Fury,2022-06-04,4,Montreal Bruins,,,,
Montreal Bruins,2022-06-04,4,Vancouver Fury,,,,
Stone Timberwolves,2022-06-05,3,Ice Huskies,,,,
Ice Huskies,2022-06-05,3,Stone Timberwolves,,,,
Ice Dodgers,2022-06-05,1,Broom Mets,,,,
Broom Mets,2022-06-05,1,Ice Dodgers,,,,
Cold Islanders,2022-06-06,23,Laval Rousseau 77's,,,,
Vancouver Fury,2022-06-09,35,Sidney Eagles,,,,
Calgary Fleur-de-Lys,2022-06-11,42,Vancouver Jr. Terriers,,,,
Super Salsa,2022-06-12,74,Port-aux-Basques Buccaneers,,,,
Calgary Cougars,2022-06-13,84,Windsor Royals,,,,
Montreal Vipers,2022-06-14,56,Thetford Mines Blizzard,,,,
Stone Timberwolves,2022-06-15,32,Williams Lake Vulcans,,,,
Toronto Olympics,2022-06-17,14,Battleford Greys,,,,
Cold Chinooks,2022-06-17,91,La Salle Eagles,,,,
Super Atlantics,2022-06-18,53,Toronto 73's,,,,
Toronto Olympics,2022-06-19,0,Ice Dodgers,,,,
Ice Dodgers,2022-06-19,0,Toronto Olympics,,,,
Super Atlantics,2022-06-21,2,Baby Broomers,,,,
Cold Colts,2022-06-21,3,Calgary Fleur-de-Lys,,,,
Baby Broomers,2022-06-21,2,Super Atlantics,,,,
Calgary Fleur-de-Lys,2022-06-21,3,Cold Colts,,,,
Cold Chinooks,2022-06-22,91,La Salle Eagles,,,,
Ice Dodgers,2022-06-22,17,Brandon Warriors,,,,
Ice Cougars,2022-06-25,71,Thornhill Caribous,,,,
Super Salsa,2022-06-26,24,Sidney Terriers,,,,
Baby Broomers,2022-06-26,86,Cape Breton Rustlers,,,,
Vancouver Fury,2022-06-27,2,Ice Bulls,,,,
Calgary Cougars,2022-06-27,31,Thunder Bay Dogs,,,,
Ice Bulls,2022-06-27,2,Vancouver Fury,,,,
Ice Sabres,2022-07-01,95,Fort Garry Eagles,,,,
Super Atlantics,2022-07-02,2,Calgary Metros,,,,
Calgary Metros,2022-07-02,2,Super Atlantics,,,,
Curlers Terriers,2022-07-02,88,Niagara Falls Filons,,,,
Calgary Cubs,2022-07-03,1,Ottawa Victorias,,,,
Ottawa Victorias,2022-07-03,1,Calgary Cubs,,,,
Calgary Rockets,2022-07-04,35,Sidney Eagles,,,,
Montreal Vipers,2022-07-04,56,Thetford Mines Blizzard,,,,
Cold Islanders,2022-07-04,43,Temiscaming Hawks,,,,
Cold Islanders,2022-07-07,60,Villanova Terriers,,,,
Vancouver Fury,2022-07-07,4,Montreal Bruins,,,,
Super Atlantics,2022-07-07,103,Riverview Elites,,,,
Montreal Bruins,2022-07-07,4,Vancouver Fury,,,,
Calgary Cubs,2022-07-08,3,Montreal Bruins,,,,
Montreal Bruins,2022-07-08,3,Calgary Cubs,,,,
Baby Broomers,2022-07-09,1,Cold Chinooks,,,,
Cold Chinooks,2022-07-09,1,Baby Broomers,,,,
Vancouver Fury,2022-07-10,10,Melfort Bruins,,,,
Montreal Vipers,2022-07-10,22,Ste. Agathe Flyers,,,,
Ice Cougars,2022-07-11,1,Game of Stones,,,,
Ice Bulls,2022-07-11,3,Calgary Fleur-de-Lys,,,,
Calgary Fleur-de-Lys,2022-07-11,3,Ice Bulls,,,,
Game of Stones,2022-07-11,1,Ice Cougars,,,,
Calgary Metros,2022-07-13,18,Mississauga Cougars,,,,
Super Atlantics,2022-07-14,87,South Surrey Canadians,,,,
Vancouver Fury,2022-07-18,2,Montreal Bruins,,,,
Montreal Bruins,2022-07-18,2,Vancouver Fury,,,,
Super Salsa,2022-07-19,17,Brandon Warriors,,,,
Vancouver Islanders,2022-07-19,2,Game of Stones,,,,
Game of Stones,2022-07-19,2,Vancouver Islanders,,,,
Game of Stones,2022-07-20,1,Vancouver Islanders,,,,
Vancouver Islanders,2022-07-20,1,Game of Stones,,,,
Cold Chinooks,2022-07-20,1,Calgary Metros,,,,
Calgary Metros,2022-07-20,1,Cold Chinooks,,,,
Ice Sabres,2022-07-21,39,Charlottetown Schooners,,,,
Ice Huskies,2022-07-22,90,Langley Hawks,,,,
Calgary Cougars,2022-07-23,31,Thunder Bay Dogs,,,,
Vancouver Fury,2022-07-25,31,Thunder Bay Dogs,,,,
Ice Bulls,2022-07-26,4,Cold Colts,,,,
Cold Colts,2022-07-26,4,Ice Bulls,,,,
Super Lords,2022-07-26,22,Ste. Agathe Flyers,,,,
Ice Cougars,2022-07-26,16,Bancroft Waxers,,,,
Toronto Rockets,2022-07-27,0,Curlers Terriers,,,,
Curlers Terriers,2022-07-27,0,Toronto Rockets,,,,
Game of Stones,2022-07-28,97,Pembroke Lumber Express,,,,
Toronto Rockets,2022-07-28,19,Rosemont Bears,,,,
Calgary Fleur-de-Lys,2022-07-30,58,Canmore Rats,,,,
Ice Dodgers,2022-08-01,44,Thunder Bay Panthers,,,,
Ice Bulls,2022-08-02,99,Bellingham Travelways,,,,
Stone Timberwolves,2022-08-02,14,Battleford Greys,,,,
Ottawa Greys,2022-08-03,38,Espanola Screaming Crystals,,,,
Toronto Eagles,2022-08-03,69,Sudbury Jets,,,,
Cold Travelways,2022-08-04,1,Ottawa Victorias,,,,
Super Salsa,2022-08-04,4,Ice Huskies,,,,
Ice Huskies,2022-08-04,4,Super Salsa,,,,
Baby Broomers,2022-08-04,36,Thunder Bay Eaters,,,,
Ottawa Victorias,2022-08-04,1,Cold Travelways,,,,
Ice Sabres,2022-08-04,37,Halifax Oland Vikings,,,,
Ottawa Greys,2022-08-05,32,Williams Lake Vulcans,,,,
Super Lords,2022-08-06,4,Montreal Braves,,,,
Montreal Braves,2022-08-06,4,Super Lords,,,,
Ice Unicorns,2022-08-07,52,Ottawa Crunch,,,,
Toronto Eagles,2022-08-08,4,Ice Bulls,,,,
Ice Bulls,2022-08-08,4,Toronto Eagles,,,,
Ottawa Greys,2022-08-09,57,New Waterford Pack,,,,
Toronto Eagles,2022-08-10,21,Victoria Thunder,,,,
Ice Unicorns,2022-08-11,41,Dartmouth Crunch,,,,
Calgary Metros,2022-08-13,41,Dartmouth Crunch,,,,
Cold Chinooks,2022-08-15,18,Mississauga Cougars,,,,
Super Salsa,2022-08-15,65,Winnipeg Beehives,,,,
Ice Sabres,2022-08-17,0,Calgary Bruins,,,,
Calgary Bruins,2022-08-17,0,Ice Sabres,,,,
Broom Hawks,2022-08-17,45,Prince Albert Marrs,,,,
Ice Dodgers,2022-08-18,6,Cape Breton Lumberjacks,,,,
Calgary Metros,2022-08-21,86,Cape Breton Rustlers,,,,
Broom Mets,2022-08-21,82,Oswego Cougars,,,,
Cold Chinooks,2022-08-21,68,Vernon Crystals,,,,
Ottawa Greys,2022-08-22,3,Ice Huskies,,,,
Curlers Terriers,2022-08-22,5,Port Hope Islanders,,,,
Calgary Rockets,2022-08-22,69,Sudbury Jets,,,,
Ice Huskies,2022-08-22,3,Ottawa Greys,,,,
Curlers Terriers,2022-08-23,2,Super Lords,,,,
Super Lords,2022-08-23,2,Curlers Terriers,,,,
Stone Mariners,2022-08-27,7,Southeast Nationals,,,,
Calgary Metros,2022-08-28,36,Thunder Bay Eaters,,,,
Vancouver Fury,2022-08-29,0,Toronto Eagles,,,,
Toronto Eagles,2022-08-29,0,Vancouver Fury,,,,
Calgary Bruins,2022-08-30,81,Brockville Spirit,,,,
Calgary Rockets,2022-09-01,4,Ice Bulls,,,,
Ice Bulls,2022-09-01,4,Calgary Rockets,,,,
Ice Huskies,2022-09-01,50,Ajax Sports,,,,
Super Atlantics,2022-09-01,4,Ice Unicorns,,,,
Ice Unicorns,2022-09-01,4,Super Atlantics,,,,
Cold Travelways,2022-09-03,102,Nickel Centre Terriers,,,,
Super Salsa,2022-09-03,3,Ice Huskies,,,,
Ice Huskies,2022-09-03,3,Super Salsa,,,,
Stone Mariners,2022-09-06,90,Langley Hawks,,,,
Ice Huskies,2022-09-06,17,Brandon Warriors,,,,
Ottawa Kiltys,2022-09-07,1,Ottawa Greys,,,,
Montreal Lasers,2022-09-07,4,Super Atlantics,,,,
Super Atlantics,2022-09-07,4,Montreal Lasers,,,,
Ottawa Greys,2022-09-07,1,Ottawa Kiltys,,,,
Ice Sabres,2022-09-08,81,Brockville Spirit,,,,
Montreal Bruins,2022-09-08,4,Cold Colts,,,,
Cold Colts,2022-09-08,4,Montreal Bruins,,,,
Calgary Metros,2022-09-13,0,Cold Islanders,,,,
Cold Islanders,2022-09-13,0,Calgary Metros,,,,
Calgary Fleur-de-Lys,2022-09-13,102,Nickel Centre Terriers,,,,
Vancouver Buccaneers,2022-09-17,43,Temiscaming Hawks,,,,
Broom Hawks,2022-09-17,98,Aurora Canadians,,,,
Ice Sabres,2022-09-18,75,New Westminster Thunder,,,,
Ice Huskies,2022-09-20,90,Langley Hawks,,,,
Super Atlantics,2022-09-20,91,La Salle Eagles,,,,
Cold Colts,2022-09-21,99,Bellingham Travelways,,,,
Montreal Vipers,2022-09-22,56,Thetford Mines Blizzard,,,,
Cold Chinooks,2022-09-22,83,North York Capitals,,,,
Ottawa Greys,2022-09-23,17,Brandon Warriors,,,,
Calgary Fleur-de-Lys,2022-09-24,69,Sudbury Jets,,,,
Ice Huskies,2022-09-24,3,Ottawa Greys,,,,
Montreal Braves,2022-09-24,67,Edmonton Maple Predators,,,,
Ottawa Greys,2022-09-24,3,Ice Huskies,,,,
Calgary Metros,2022-09-25,3,Ice Unicorns,,,,
Ice Unicorns,2022-09-25,3,Calgary Metros,,,,
Calgary Metros,2022-09-26,68,Vernon Crystals,,,,
Cold Chinooks,2022-09-26,62,Hamilton Tigers,,,,
Ice Huskies,2022-09-27,14,Battleford Greys,,,,
Ice Bulls,2022-09-29,0,Toronto Eagles,,,,
Vancouver Islanders,2022-09-29,71,Thornhill Caribous,,,,
Toronto Eagles,2022-09-29,0,Ice Bulls,,,,
Cold Islanders,2022-09-29,36,Thunder Bay Eaters,,,,
Broom Hawks,2022-09-30,45,Prince Albert Marrs,,,,
Super Salsa,2022-09-30,38,Espanola Screaming Crystals,,,,
Super Lords,2022-10-01,59,Thunder Bay Patriots,,,,
Montreal Braves,2022-10-03,4,Super Lords,,,,
Super Lords,2022-10-03,4,Montreal Braves,,,,
Cold Islanders,2022-10-03,94,Aurora Chiefs,,,,
Toronto Eagles,2022-10-05,58,Canmore Rats,,,,
Stone Timberwolves,2022-10-05,85,Sherwood Park Grads,,,,
Cold Travelways,2022-10-09,1,Ottawa Victorias,,,,
Ottawa Victorias,2022-10-09,1,Cold Travelways,,,,
Toronto Eagles,2022-10-10,69,Sudbury Jets,,,,
Super Salsa,2022-10-11,3,Stone Mariners,,,,
Montreal Bruins,2022-10-11,2,Vancouver Fury,,,,
Vancouver Fury,2022-10-11,2,Montreal Bruins,,,,
Stone Mariners,2022-10-11,3,Super Salsa,,,,
Ice Unicorns,2022-10-13,36,Thunder Bay Eaters,,,,
Toronto Eagles,2022-10-16,102,Nickel Centre Terriers,,,,
Toronto Rockets,2022-10-18,4,Montreal Braves,,,,
Montreal Braves,2022-10-18,4,Toronto Rockets,,,,
Cold Huskies,2022-10-18,29,Richmond Hill Mets,,,,
Stone Mariners,2022-10-21,49,North Sydney Spitfires,,,,
Toronto Olympics,2022-10-23,90,Langley Hawks,,,,
Calgary Metros,2022-10-24,86,Cape Breton Rustlers,,,,
Super Salsa,2022-10-24,77,Lanark Festivals,,,,
Montreal Vipers,2022-10-24,4,Toronto Rockets,,,,
Toronto Rockets,2022-10-24,4,Montreal Vipers,,,,
Curlers Terriers,2022-10-25,101,Cape Breton Spartans,,,,
Calgary Bruins,2022-10-26,100,Chilliwack Metros,,,,
Ice Huskies,2022-10-28,3,Stone Timberwolves,,,,
Stone Timberwolves,2022-10-28,3,Ice Huskies,,,,
Baby Broomers,2022-10-31,52,Ottawa Crunch,,,,
Calgary Metros,2022-11-04,36,Thunder Bay Eaters,,,,
Ice Unicorns,2022-11-09,94,Aurora Chiefs,,,,
Cold Chinooks,2022-11-09,34,Markham Rebels,,,,
Rolling Stones,2022-11-09,3,Baby Broomers,,,,
Baby Broomers,2022-11-09,3,Rolling Stones,,,,
Super Atlantics,2022-11-11,0,Cold Islanders,,,,
Cold Islanders,2022-11-11,0,Super Atlantics,,,,
Broom Hawks,2022-11-12,59,Thunder Bay Patriots,,,,
Cold Colts,2022-11-14,99,Bellingham Travelways,,,,
Toronto Eagles,2022-11-16,4,Montreal Raiders,,,,
Montreal Raiders,2022-11-16,4,Toronto Eagles,,,,
Ice Unicorns,2022-11-17,34,Markham Rebels,,,,
Calgary Rockets,2022-11-17,3,Calgary Fleur-de-Lys,,,,
Calgary Fleur-de-Lys,2022-11-17,3,Calgary Rockets,,,,
Baby Broomers,2022-11-17,36,Thunder Bay Eaters,,,,
Ottawa Kiltys,2022-11-18,6,Cape Breton Lumberjacks,,,,
Cold Travelways,2022-11-19,1,Ice Bulls,,,,
Ice Bulls,2022-11-19,1,Cold Travelways,,,,
Ice Dodgers,2022-11-19,8,Peterborough Bearcats,,,,
Vancouver Buccaneers,2022-11-20,87,South Surrey Canadians,,,,
Ottawa Kiltys,2022-11-21,90,Langley Hawks,,,,
Broom Hawks,2022-11-21,2,Super Lords,,,,
Super Lords,2022-11-21,2,Broom Hawks,,,,
Toronto Eagles,2022-11-23,3,Calgary Cubs,,,,
Calgary Cubs,2022-11-23,3,Toronto Eagles,,,,
Stone Timberwolves,2022-11-23,54,Saskatoon Rams,,,,
Montreal Bruins,2022-11-24,72,Yorkton Indians,,,,
Super Atlantics,2022-11-24,41,Dartmouth Crunch,,,,
Stone Mariners,2022-11-24,77,Lanark Festivals,,,,
Montreal Braves,2022-11-25,2,Broom Hawks,,,,
Broom Mets,2022-11-25,6,Cape Breton Lumberjacks,,,,
Broom Hawks,2022-11-25,2,Montreal Braves,,,,
Stone Mariners,2022-11-25,65,Winnipeg Beehives,,,,
Broom Hawks,2022-11-26,11,Penticton Chiefs,,,,
Ice Huskies,2022-11-26,49,North Sydney Spitfires,,,,
Stone Timberwolves,2022-11-27,49,North Sydney Spitfires,,,,
Ice Dodgers,2022-11-28,6,Cape Breton Lumberjacks,,,,
Ice Bulls,2022-11-28,102,Nickel Centre Terriers,,,,
Calgary Rockets,2022-11-29,21,Victoria Thunder,,,,
Ice Cougars,2022-11-30,20,Dartmouth Oland Thunderbirds,,,,
Calgary Rockets,2022-12-01,35,Sidney Eagles,,,,
Cold Chinooks,2022-12-03,4,Montreal Lasers,,,,
Montreal Lasers,2022-12-03,4,Cold Chinooks,,,,
Ice Dodgers,2022-12-03,7,Southeast Nationals,,,,
Toronto Rockets,2022-12-04,4,Montreal Vipers,,,,
Super Atlantics,2022-12-04,23,Laval Rousseau 77's,,,,
Montreal Vipers,2022-12-04,4,Toronto Rockets,,,,
Stone Timberwolves,2022-12-06,24,Sidney Terriers,,,,
Broom Hawks,2022-12-07,2,Toronto Rockets,,,,
Toronto Rockets,2022-12-07,2,Broom Hawks,,,,
Vancouver Buccaneers,2022-12-07,64,Vancouver Canadiens,,,,
Rolling Stones,2022-12-07,62,Hamilton Tigers,,,,
Ice Bulls,2022-12-07,69,Sudbury Jets,,,,
Montreal Bruins,2022-12-08,4,Calgary Rockets,,,,
Calgary Rockets,2022-12-08,4,Montreal Bruins,,,,
Curlers Terriers,2022-12-08,11,Penticton Chiefs,,,,
Ice Dodgers,2022-12-10,57,New Waterford Pack,,,,
Calgary Fleur-de-Lys,2022-12-13,84,Windsor Royals,,,,
Broom Hawks,2022-12-13,0,Toronto Rockets,,,,
Toronto Rockets,2022-12-13,0,Broom Hawks,,,,
Cold Colts,2022-12-13,63,Moncton Legionaires,,,,
Toronto Eagles,2022-12-14,35,Sidney Eagles,,,,
Montreal Bruins,2022-12-14,3,Calgary Rockets,,,,
Calgary Rockets,2022-12-14,3,Montreal Bruins,,,,
Calgary Cougars,2022-12-16,58,Canmore Rats,,,,
Cold Huskies,2022-12-16,39,Charlottetown Schooners,,,,
Toronto Eagles,2022-12-18,3,Calgary Fleur-de-Lys,,,,
Toronto Penguins,2022-12-18,13,Halifax Team Leafs,,,,
Calgary Fleur-de-Lys,2022-12-18,3,Toronto Eagles,,,,
Broom Hawks,2022-12-19,2,Toronto Rockets,,,,
Toronto Rockets,2022-12-19,2,Broom Hawks,,,,
Curlers Terriers,2022-12-20,4,Montreal Vipers,,,,
Montreal Vipers,2022-12-20,4,Curlers Terriers,,,,
Cold Chinooks,2022-12-21,23,Laval Rousseau 77's,,,,
Super Atlantics,2022-12-21,91,La Salle Eagles,,,,
Ottawa Victorias,2022-12-22,1,Vancouver Fury,,,,
Vancouver Fury,2022-12-22,1,Ottawa Victorias,,,,
Super Lords,2022-12-23,11,Penticton Chiefs,,,,
Montreal Bruins,2022-12-24,42,Vancouver Jr. Terriers,,,,
Calgary Cubs,2022-12-25,63,Moncton Legionaires,,,,
Baby Broomers,2022-12-26,60,Villanova Terriers,,,,
Montreal Bruins,2022-12-26,4,Calgary Rockets,,,,
Calgary Rockets,2022-12-26,4,Montreal Bruins,,,,
Stone Timberwolves,2022-12-26,82,Oswego Cougars,,,,
Super Salsa,2022-12-27,17,Brandon Warriors,,,,
Montreal Vipers,2022-12-29,101,Cape Breton Spartans,,,,
Toronto Eagles,2022-12-29,72,Yorkton Indians,,,,
Calgary Cubs,2022-12-30,4,Ice Bulls,,,,
Ice Bulls,2022-12-30,4,Calgary Cubs,,,,
Calgary Rockets,2022-12-30,2,Vancouver Fury,,,,
Baby Broomers,2022-12-30,23,Laval Rousseau 77's,,,,
Vancouver Fury,2022-12-30,2,Calgary Rockets,,,,
Stone Timberwolves,2022-12-31,49,North Sydney Spitfires,,,,
Ice Sabres,2023-01-02,9,Trail Smoke Remparts,,,,
Calgary Fleur-de-Lys,2023-01-03,3,Calgary Cubs,,,,
Calgary Cubs,2023-01-03,3,Calgary Fleur-de-Lys,,,,
Ice Cougars,2023-01-03,0,Toronto Penguins,,,,
Toronto Penguins,2023-01-03,0,Ice Cougars,,,,
Cold Chinooks,2023-01-03,36,Thunder Bay Eaters,,,,
Super Atlantics,2023-01-04,3,Rolling Stones,,,,
Montreal Raiders,2023-01-04,4,Vancouver Fury,,,,
Ice Bulls,2023-01-04,1,Ottawa Victorias,,,,
Toronto Penguins,2023-01-04,0,Ice Cougars,,,,
Vancouver Fury,2023-01-04,4,Montreal Raiders,,,,
Ice Cougars,2023-01-04,0,Toronto Penguins,,,,
Calgary Bruins,2023-01-04,100,Chilliwack Metros,,,,
Rolling Stones,2023-01-04,3,Super Atlantics,,,,
Ottawa Victorias,2023-01-04,1,Ice Bulls,,,,
Ice Sabres,2023-01-06,70,Calgary Marauders,,,,
Ice Sabres,2023-01-07,75,New Westminster Thunder,,,,
Ottawa Greys,2023-01-08,6,Cape Breton Lumberjacks,,,,
Toronto Rockets,2023-01-09,101,Cape Breton Spartans,,,,
Calgary Bruins,2023-01-09,73,Thunder Bay Flames,,,,
Toronto Olympics,2023-01-11,96,Vernon Bears,,,,
Calgary Cubs,2023-01-16,3,Toronto Eagles,,,,
Cold Chinooks,2023-01-16,68,Vernon Crystals,,,,
Toronto Eagles,2023-01-16,3,Calgary Cubs,,,,
Baby Broomers,2023-01-17,41,Dartmouth Crunch,,,,
Toronto Penguins,2023-01-17,71,Thornhill Caribous,,,,
Vancouver Islanders,2023-01-18,28,Thunder Bay Thunder,,,,
Ice Dodgers,2023-01-18,32,Williams Lake Vulcans,,,,
Vancouver Buccaneers,2023-01-18,86,Cape Breton Rustlers,,,,
Ice Unicorns,2023-01-19,94,Aurora Chiefs,,,,
Super Lords,2023-01-19,101,Cape Breton Spartans,,,,
Ottawa Kiltys,2023-01-20,54,Saskatoon Rams,,,,
Ice Bulls,2023-01-20,31,Thunder Bay Dogs,,,,
Calgary Metros,2023-01-26,103,Riverview Elites,,,,
Super Salsa,2023-01-28,85,Sherwood Park Grads,,,,
Toronto Eagles,2023-01-29,0,Calgary Rockets,,,,
Calgary Rockets,2023-01-29,0,Toronto Eagles,,,,
Toronto Olympics,2023-01-29,89,Williams Lake Warriors,,,,
Stone Mariners,2023-01-29,6,Cape Breton Lumberjacks,,,,
Ottawa Kiltys,2023-01-29,82,Oswego Cougars,,,,
Rolling Stones,2023-01-31,53,Toronto 73's,,,,
Ice Huskies,2023-02-01,3,Ottawa Greys,,,,
Ottawa Greys,2023-02-01,3,Ice Huskies,,,,
Toronto Rockets,2023-02-02,67,Edmonton Maple Predators,,,,
Super Salsa,2023-02-04,49,North Sydney Spitfires,,,,
Montreal Bruins,2023-02-05,4,Vancouver Fury,,,,
Vancouver Fury,2023-02-05,4,Montreal Bruins,,,,
Vancouver Fury,2023-02-07,76,Whitby Lakers,,,,
Calgary Rockets,2023-02-07,3,Calgary Fleur-de-Lys,,,,
Calgary Fleur-de-Lys,2023-02-07,3,Calgary Rockets,,,,
Toronto Eagles,2023-02-09,58,Canmore Rats,,,,
Ottawa Greys,2023-02-11,26,Wexford Beehives,,,,
Montreal Vipers,2023-02-11,98,Aurora Canadians,,,,
Toronto Olympics,2023-02-12,82,Oswego Cougars,,,,
Broom Hawks,2023-02-13,2,Toronto Rockets,,,,
Toronto Rockets,2023-02-13,2,Broom Hawks,,,,
Montreal Braves,2023-02-14,19,Rosemont Bears,,,,
Ice Dodgers,2023-02-14,78,Halifax Oland Centennials,,,,
Calgary Metros,2023-02-15,3,Super Atlantics,,,,
Super Atlantics,2023-02-15,3,Calgary Metros,,,,
Calgary Cubs,2023-02-18,3,Vancouver Fury,,,,
Ice Bulls,2023-02-18,42,Vancouver Jr. Terriers,,,,
Vancouver Fury,2023-02-18,3,Calgary Cubs,,,,
Montreal Vipers,2023-02-18,2,Curlers Terriers,,,,
Curlers Terriers,2023-02-18,2,Montreal Vipers,,,,
Calgary Rockets,2023-02-18,84,Windsor Royals,,,,
Calgary Metros,2023-02-19,18,Mississauga Cougars,,,,
Montreal Lasers,2023-02-22,87,South Surrey Canadians,,,,
Toronto Eagles,2023-02-22,0,Montreal Raiders,,,,
Montreal Raiders,2023-02-22,0,Toronto Eagles,,,,
Super Atlantics,2023-02-23,64,Vancouver Canadiens,,,,
Curlers Terriers,2023-02-24,2,Broom Hawks,,,,
Toronto Rockets,2023-02-24,101,Cape Breton Spartans,,,,
Ice Sabres,2023-02-24,3,Cold Huskies,,,,
Cold Huskies,2023-02-24,3,Ice Sabres,,,,
Broom Hawks,2023-02-24,2,Curlers Terriers,,,,
Super Salsa,2023-02-24,3,Stone Mariners,,,,
Stone Mariners,2023-02-24,3,Super Salsa,,,,
Cold Colts,2023-02-25,4,Toronto Eagles,,,,
Stone Timberwolves,2023-02-25,8,Peterborough Bearcats,,,,
Toronto Eagles,2023-02-25,4,Cold Colts,,,,
Cold Chinooks,2023-02-25,66,Vancouver Flyers,,,,
Stone Mariners,2023-03-01,3,Toronto Olympics,,,,
Toronto Olympics,2023-03-01,3,Stone Mariners,,,,
Cold Chinooks,2023-03-02,53,Toronto 73's,,,,
Montreal Lasers,2023-03-02,4,Super Atlantics,,,,
Super Atlantics,2023-03-02,4,Montreal Lasers,,,,
Vancouver Fury,2023-03-03,3,Calgary Rockets,,,,
Calgary Rockets,2023-03-03,3,Vancouver Fury,,,,
Stone Mariners,2023-03-06,3,Super Salsa,,,,
Super Salsa,2023-03-06,3,Stone Mariners,,,,
Curlers Terriers,2023-03-08,19,Rosemont Bears,,,,
Stone Mariners,2023-03-09,17,Brandon Warriors,,,,
Vancouver Fury,2023-03-09,72,Yorkton Indians,,,,
Curlers Terriers,2023-03-16,45,Prince Albert Marrs,,,,
Calgary Bruins,2023-03-16,37,Halifax Oland Vikings,,,,
Ice Huskies,2023-03-16,49,North Sydney Spitfires,,,,
Super Atlantics,2023-03-17,2,Ice Unicorns,,,,
Ice Unicorns,2023-03-17,2,Super Atlantics,,,,
Ice Huskies,2023-03-17,57,New Waterford Pack,,,,
Super Atlantics,2023-03-18,18,Mississauga Cougars,,,,
Toronto Olympics,2023-03-20,1,Ottawa Greys,,,,
Ottawa Greys,2023-03-20,1,Toronto Olympics,,,,
Toronto Rockets,2023-03-22,19,Rosemont Bears,,,,
Toronto Olympics,2023-03-22,44,Thunder Bay Panthers,,,,
Ottawa Greys,2023-03-23,38,Espanola Screaming Crystals,,,,
Curlers Terriers,2023-03-23,2,Broom Hawks,,,,
Broom Hawks,2023-03-23,2,Curlers Terriers,,,,
Calgary Rockets,2023-03-24,3,Calgary Cubs,,,,
Calgary Cubs,2023-03-24,3,Calgary Rockets,,,,
Montreal Lasers,2023-03-24,43,Temiscaming Hawks,,,,
Toronto Penguins,2023-03-25,12,Kanata Valley Vipers,,,,
Vancouver Buccaneers,2023-03-29,4,Baby Broomers,,,,
Vancouver Fury,2023-03-29,102,Nickel Centre Terriers,,,,
Baby Broomers,2023-03-29,4,Vancouver Buccaneers,,,,
Montreal Braves,2023-03-29,67,Edmonton Maple Predators,,,,
Curlers Terriers,2023-03-30,79,Pembroke Lumber Bears,,,,
Ice Dodgers,2023-03-30,17,Brandon Warriors,,,,
Montreal Vipers,2023-03-31,19,Rosemont Bears,,,,
Cold Chinooks,2023-04-02,34,Markham Rebels,,,,
Montreal Vipers,2023-04-02,11,Penticton Chiefs,,,,
Broom Hawks,2023-04-02,88,Niagara Falls Filons,,,,
Calgary Rockets,2023-04-05,46,Steinbach Oilers,,,,
Curlers Terriers,2023-04-06,11,Penticton Chiefs,,,,
Stone Mariners,2023-04-07,54,Saskatoon Rams,,,,
Cold Huskies,2023-04-07,70,Calgary Marauders,,,,
Calgary Cubs,2023-04-12,3,Cold Travelways,,,,
Cold Travelways,2023-04-12,3,Calgary Cubs,,,,
Stone Timberwolves,2023-04-12,26,Wexford Beehives,,,,
Ice Bulls,2023-04-13,46,Steinbach Oilers,,,,
Toronto Olympics,2023-04-14,8,Peterborough Bearcats,,,,
Ice Dodgers,2023-04-15,57,New Waterford Pack,,,,
Ice Bulls,2023-04-15,10,Melfort Bruins,,,,
Ice Cougars,2023-04-16,97,Pembroke Lumber Express,,,,
Calgary Rockets,2023-04-16,31,Thunder Bay Dogs,,,,
Curlers Terriers,2023-04-16,0,Toronto Rockets,,,,
Toronto Rockets,2023-04-16,0,Curlers Terriers,,,,
Broom Hawks,2023-04-19,22,Ste. Agathe Flyers,,,,
Vancouver Fury,2023-04-20,46,Steinbach Oilers,,,,
Toronto Rockets,2023-04-20,88,Niagara Falls Filons,,,,
Toronto Olympics,2023-04-20,2,Stone Timberwolves,,,,
Montreal Raiders,2023-04-20,84,Windsor Royals,,,,
Stone Timberwolves,2023-04-20,2,Toronto Olympics,,,,
Ice Dodgers,2023-04-22,49,North Sydney Spitfires,,,,
Broom Mets,2023-04-24,6,Cape Breton Lumberjacks,,,,
Calgary Rockets,2023-04-24,3,Calgary Cougars,,,,
Calgary Cougars,2023-04-24,3,Calgary Rockets,,,,
Cold Islanders,2023-04-25,0,Super Atlantics,,,,
Super Atlantics,2023-04-25,0,Cold Islanders,,,,
Super Salsa,2023-04-27,90,Langley Hawks,,,,
Calgary Fleur-de-Lys,2023-04-27,72,Yorkton Indians,,,,
Calgary Rockets,2023-04-28,3,Cold Travelways,,,,
Cold Travelways,2023-04-28,3,Calgary Rockets,,,,
Stone Mariners,2023-04-28,57,New Waterford Pack,,,,
Baby Broomers,2023-04-29,62,Hamilton Tigers,,,,
Ice Dodgers,2023-04-29,74,Port-aux-Basques Buccaneers,,,,
Toronto Rockets,2023-04-30,45,Prince Albert Marrs,,,,
Broom Hawks,2023-04-30,59,Thunder Bay Patriots,,,,
Toronto Penguins,2023-05-01,13,Halifax Team Leafs,,,,
Cold Colts,2023-05-02,4,Cold Travelways,,,,
Cold Travelways,2023-05-02,4,Cold Colts,,,,
Ice Sabres,2023-05-03,100,Chilliwack Metros,,,,
Ottawa Greys,2023-05-05,54,Saskatoon Rams,,,,
Calgary Metros,2023-05-06,87,South Surrey Canadians,,,,
Ice Unicorns,2023-05-06,86,Cape Breton Rustlers,,,,
Toronto Penguins,2023-05-07,13,Halifax Team Leafs,,,,
Ice Unicorns,2023-05-09,66,Vancouver Flyers,,,,
Ottawa Greys,2023-05-10,74,Port-aux-Basques Buccaneers,,,,
Vancouver Buccaneers,2023-05-13,1,Cold Chinooks,,,,
Super Lords,2023-05-13,88,Niagara Falls Filons,,,,
Cold Chinooks,2023-05-13,1,Vancouver Buccaneers,,,,
Calgary Fleur-de-Lys,2023-05-14,72,Yorkton Indians,,,,
Cold Islanders,2023-05-14,60,Villanova Terriers,,,,
Cold Chinooks,2023-05-15,83,North York Capitals,,,,
Baby Broomers,2023-05-16,23,Laval Rousseau 77's,,,,
Calgary Metros,2023-05-16,3,Vancouver Buccaneers,,,,
Vancouver Buccaneers,2023-05-16,3,Calgary Metros,,,,
Toronto Olympics,2023-05-19,78,Halifax Oland Centennials,,,,
Calgary Rockets,2023-05-20,42,Vancouver Jr. Terriers,,,,
Ice Sabres,2023-05-21,37,Halifax Oland Vikings,,,,
Montreal Bruins,2023-05-23,0,Toronto Eagles,,,,
Toronto Eagles,2023-05-23,0,Montreal Bruins,,,,
Calgary Rockets,2023-05-24,3,Ottawa Victorias,,,,
Ottawa Victorias,2023-05-24,3,Calgary Rockets,,,,
Toronto Olympics,2023-05-24,85,Sherwood Park Grads,,,,
Calgary Cougars,2023-05-28,102,Nickel Centre Terriers,,,,
Game of Stones,2023-05-29,30,Peterborough Jr. Patriots,,,,
Ice Sabres,2023-05-29,33,Iron Range Penguins,,,,
Ice Dodgers,2023-05-30,89,Williams Lake Warriors,,,,
Toronto Olympics,2023-05-30,85,Sherwood Park Grads,,,,
